bloco,status,tempo_python_us,tempo_fpga_us,rtt_total_us
0,ERRO,1922.200,0.44,10013.000050093979
1,ERRO,90.000,0.44,15712.700027506799
2,ERRO,98.500,0.44,15846.800000872463
3,ERRO,69.200,0.44,15931.300004012883
4,ERRO,58.400,0.44,15884.899999946356
5,ERRO,63.000,0.44,15861.399995628744
6,ERRO,92.700,0.44,15935.500035993755
7,ERRO,86.400,0.44,15904.699976090342
8,ERRO,72.300,0.44,15905.199979897588
9,ERRO,69.000,0.44,15909.40001187846
10,ERRO,75.500,0.44,15858.300030231476
11,ERRO,62.700,0.44,15940.59995841235
12,ERRO,68.800,0.44,15869.49999909848
13,ERRO,96.300,0.44,15822.499990463257
14,ERRO,104.600,0.44,15891.899995040148
15,ERRO,72.300,0.44,15846.499998588115
16,ERRO,85.800,0.44,15921.699989121407
17,ERRO,72.500,0.44,15868.299989961088
18,ERRO,59.700,0.44,15918.600023724139
19,ERRO,54.900,0.44,15894.400014076382
20,ERRO,89.600,0.44,15911.499969661236
21,ERRO,69.100,0.44,15904.500032775104
22,ERRO,69.900,0.44,15811.199962627143
23,ERRO,63.500,0.44,15841.699962038547
24,ERRO,101.400,0.44,15799.099986907095
25,ERRO,125.000,0.44,15867.99998767674
26,ERRO,67.300,0.44,15903.400024399161
27,ERRO,79.400,0.44,15869.700000621378
28,ERRO,53.700,0.44,15954.0000022389
29,ERRO,76.500,0.44,15915.600000880659
30,ERRO,68.000,0.44,15885.400003753603
31,ERRO,66.100,0.44,15895.100019406527
32,ERRO,69.800,0.44,15785.600000526756
33,ERRO,69.400,0.44,15996.90003786236
34,ERRO,64.500,0.44,15908.200002741069
35,ERRO,77.600,0.44,15897.100034635514
36,ERRO,66.600,0.44,15777.399996295571
37,ERRO,67.100,0.44,15879.199956543744
38,ERRO,83.500,0.44,15938.500000629574
39,ERRO,67.900,0.44,15911.799971945584
40,ERRO,61.300,0.44,15924.20000815764
41,ERRO,77.200,0.44,15902.500017546117
42,ERRO,62.900,0.44,15888.600028119981
43,ERRO,79.500,0.44,15811.200020834804
44,ERRO,66.100,0.44,15934.59997093305
45,ERRO,60.800,0.44,15917.100012302399
46,ERRO,61.400,0.44,15889.699978288263
47,ERRO,100.400,0.44,15818.700019735843
48,ERRO,66.700,0.44,15927.499975077808
49,ERRO,70.700,0.44,15914.999996311963
50,ERRO,57.700,0.44,15865.700028371066
51,ERRO,75.600,0.44,15965.000027790666
52,ERRO,158.500,0.44,15756.300010252744
53,ERRO,76.300,0.44,15860.399988014251
54,ERRO,81.100,0.44,15906.39998903498
55,ERRO,55.800,0.44,15876.699995715171
56,ERRO,59.700,0.44,15926.799969747663
57,ERRO,64.700,0.44,15842.500026337802
58,ERRO,68.900,0.44,15944.299986585975
59,ERRO,71.800,0.44,15861.699997913092
60,ERRO,54.900,0.44,15900.70000384003
61,ERRO,50.900,0.44,15928.6999842152
62,ERRO,52.900,0.44,15923.700004350394
63,ERRO,62.800,0.44,15911.00002406165
64,ERRO,71.000,0.44,15927.499975077808
65,ERRO,68.100,0.44,15933.30001924187
66,ERRO,70.300,0.44,15837.599989026785
67,ERRO,65.200,0.44,15886.100009083748
68,ERRO,92.400,0.44,15862.800006289035
69,ERRO,84.900,0.44,15854.60000205785
70,ERRO,61.000,0.44,15894.200012553483
71,ERRO,99.000,0.44,16295.699984766543
72,ERRO,114.400,0.44,15463.199990335852
73,ERRO,124.000,0.44,15774.49997421354
74,ERRO,119.100,0.44,16635.000007227063
75,ERRO,113.800,0.44,14994.500030297786
76,ERRO,77.700,0.44,15922.199992928654
77,ERRO,128.200,0.44,15691.899985540658
78,ERRO,158.600,0.44,15798.599983099848
79,ERRO,127.100,0.44,17735.0000012666
80,ERRO,169.500,0.44,13876.500015612692
81,ERRO,118.700,0.44,15781.199967022985
82,ERRO,102.600,0.44,15816.700004506856
83,ERRO,115.000,0.44,15809.700009413064
84,ERRO,110.500,0.44,15868.899994529784
85,ERRO,111.800,0.44,15809.100004844368
86,ERRO,91.600,0.44,15855.100005865097
87,ERRO,84.800,0.44,15850.20002676174
88,ERRO,91.100,0.44,15867.000038269907
89,ERRO,121.200,0.44,15845.69999249652
90,ERRO,87.700,0.44,15875.700046308339
91,ERRO,97.700,0.44,15812.100027687848
92,ERRO,84.400,0.44,15803.099959157407
93,ERRO,88.000,0.44,15867.699985392392
94,ERRO,64.100,0.44,15942.300029564649
95,ERRO,58.000,0.44,15939.600009005517
96,ERRO,64.700,0.44,15918.100019916892
97,ERRO,70.600,0.44,15911.200025584549
98,ERRO,73.000,0.44,15787.200012709945
99,ERRO,96.900,0.44,16005.300043616444
100,ERRO,87.500,0.44,15738.599991891533
101,ERRO,91.800,0.44,15814.49998775497
102,ERRO,99.500,0.44,15840.400010347366
103,ERRO,87.600,0.44,15788.400021847337
104,ERRO,76.200,0.44,15873.500029556453
105,ERRO,104.500,0.44,15898.499987088144
106,ERRO,183.100,0.44,15761.1999893561
107,ERRO,74.900,0.44,15913.89998793602
108,ERRO,72.000,0.44,15859.09997811541
109,ERRO,73.900,0.44,15802.500012796372
110,ERRO,82.900,0.44,15950.199973303825
111,ERRO,70.900,0.44,15826.60002168268
112,ERRO,104.400,0.44,15803.299960680306
113,ERRO,63.800,0.44,15899.09999165684
114,ERRO,67.500,0.44,15944.89999115467
115,ERRO,94.500,0.44,15865.999972447753
116,ERRO,125.600,0.44,15809.700009413064
117,ERRO,61.300,0.44,15897.300036158413
118,ERRO,96.500,0.44,15868.999995291233
119,ERRO,105.500,0.44,15857.000020332634
120,ERRO,82.100,0.44,15895.99996805191
121,ERRO,58.300,0.44,16036.699991673231
122,ERRO,61.000,0.44,15744.800039101392
123,ERRO,70.000,0.44,15836.500038858503
124,ERRO,76.400,0.44,15992.40000359714
125,ERRO,57.300,0.44,15926.700027193874
126,ERRO,66.500,0.44,15815.199993085116
127,ERRO,52.200,0.44,15908.800007309765
128,ERRO,54.100,0.44,15947.200008668005
129,ERRO,70.800,0.44,15942.0000272803
130,ERRO,80.400,0.44,15867.799986153841
131,ERRO,77.900,0.44,15838.29999435693
132,ERRO,72.400,0.44,15965.700033120811
133,ERRO,66.600,0.44,15879.100013989955
134,ERRO,62.200,0.44,15932.900016196072
135,ERRO,78.100,0.44,15861.199994105846
136,ERRO,96.600,0.44,15870.800008997321
137,ERRO,70.100,0.44,15870.700008235872
138,ERRO,55.700,0.44,15871.700015850365
139,ERRO,62.300,0.44,15922.8999982588
140,ERRO,67.900,0.44,15918.899967800826
141,ERRO,59.700,0.44,15949.699969496578
142,ERRO,83.400,0.44,15830.99999697879
143,ERRO,54.900,0.44,15888.500027358532
144,ERRO,47.500,0.44,15965.000027790666
145,ERRO,53.700,0.44,15887.30001822114
146,ERRO,52.900,0.44,15918.200020678341
147,ERRO,52.000,0.44,15880.700026173145
148,ERRO,211.500,0.44,15644.399973098189
149,ERRO,93.700,0.44,15975.399990566075
150,ERRO,70.900,0.44,15875.799988862127
151,ERRO,71.400,0.44,15882.599982433021
152,ERRO,70.700,0.44,15901.900012977421
153,ERRO,75.100,0.44,15907.499997410923
154,ERRO,73.300,0.44,15865.999972447753
155,ERRO,84.400,0.44,15774.299972690642
156,ERRO,67.300,0.44,15917.100012302399
157,ERRO,75.900,0.44,15913.99998869747
158,ERRO,146.800,0.44,15786.200005095452
159,ERRO,107.100,0.44,15869.900002144277
160,ERRO,65.300,0.44,15897.300036158413
161,ERRO,65.800,0.44,15841.100015677512
162,ERRO,59.800,0.44,15841.399959754199
163,ERRO,62.500,0.44,15989.100036676973
164,ERRO,57.400,0.44,15902.599960099906
165,ERRO,67.000,0.44,15844.09998031333
166,ERRO,62.800,0.44,15890.699985902756
167,ERRO,78.500,0.44,15905.799984466285
168,ERRO,167.400,0.44,15780.099958647043
169,ERRO,68.700,0.44,16381.299996282905
170,ERRO,93.700,0.44,15257.899998687208
171,ERRO,58.000,0.44,15998.099988792092
172,ERRO,74.200,0.44,15850.699972361326
173,ERRO,68.200,0.44,15923.400002066046
174,ERRO,81.800,0.44,15828.399977181107
175,ERRO,78.300,0.44,15910.500020254403
176,ERRO,83.200,0.44,15827.199968043715
177,ERRO,89.600,0.44,15927.000029478222
178,ERRO,86.100,0.44,15838.39999511838
179,ERRO,93.400,0.44,15863.200009334832
180,ERRO,99.400,0.44,15829.900046810508
181,ERRO,93.200,0.44,15875.199984293431
182,ERRO,80.000,0.44,15817.100007552654
183,ERRO,95.200,0.44,15875.29998505488
184,ERRO,102.400,0.44,15880.399965681136
185,ERRO,91.300,0.44,15871.200012043118
186,ERRO,86.900,0.44,15812.899975571781
187,ERRO,115.300,0.44,15838.39999511838
188,ERRO,98.600,0.44,15862.10000095889
189,ERRO,87.900,0.44,15891.100047156215
190,ERRO,91.100,0.44,15882.499981671572
191,ERRO,95.600,0.44,15864.200016949326
192,ERRO,98.000,0.44,15817.6000113599
193,ERRO,103.000,0.44,15824.100002646446
194,ERRO,93.900,0.44,15818.800020497292
195,ERRO,121.100,0.44,15868.899994529784
196,ERRO,94.000,0.44,15796.399966347963
197,ERRO,98.000,0.44,15906.49998979643
198,ERRO,107.100,0.44,15853.699995204806
199,ERRO,93.500,0.44,15822.499990463257
200,ERRO,127.100,0.44,15800.599998328835
201,ERRO,100.100,0.44,15677.999996114522
202,ERRO,118.500,0.44,15691.999986302108
203,ERRO,74.900,0.44,15760.599984787405
204,ERRO,88.600,0.44,15805.299975909293
205,ERRO,75.300,0.44,15874.099975917488
206,ERRO,89.900,0.44,15905.999985989183
207,ERRO,69.200,0.44,15909.60001340136
208,ERRO,205.600,0.44,15616.999997291714
209,ERRO,56.900,0.44,15932.900016196072
210,ERRO,41.600,0.44,15957.599971443415
211,ERRO,48.300,0.44,15964.600024744868
212,ERRO,46.200,0.44,15932.499954942614
213,ERRO,129.900,0.44,15762.099996209145
214,ERRO,73.500,0.44,15887.40001898259
215,ERRO,67.900,0.44,15922.8999982588
216,ERRO,57.300,0.44,15898.299985565245
217,ERRO,50.100,0.44,15926.500025670975
218,ERRO,63.900,0.44,15913.800045382231
219,ERRO,56.100,0.44,15914.499992504716
220,ERRO,75.800,0.44,15861.099993344396
221,ERRO,59.400,0.44,15899.999998509884
222,ERRO,63.700,0.44,15921.39998683706
223,ERRO,59.000,0.44,15927.700034808367
224,ERRO,64.200,0.44,15838.199993595481
225,ERRO,84.500,0.44,15800.799999851733
226,ERRO,59.300,0.44,16022.199997678399
227,ERRO,91.100,0.44,15863.300010096282
228,ERRO,76.300,0.44,15874.700038693845
229,ERRO,71.000,0.44,15872.200019657612
230,ERRO,95.700,0.44,15855.400008149445
231,ERRO,93.100,0.44,15873.500029556453
232,ERRO,67.700,0.44,15905.20003810525
233,ERRO,77.900,0.44,15814.69998927787
234,ERRO,66.400,0.44,16238.200012594461
235,ERRO,57.500,0.44,15787.500014994293
236,ERRO,67.800,0.44,16079.099965281785
237,ERRO,73.000,0.44,15486.599993892014
238,ERRO,70.900,0.44,16296.19998857379
239,ERRO,68.800,0.44,15929.299988783896
240,ERRO,71.200,0.44,15642.000013031065
241,ERRO,103.700,0.44,16044.39999209717
242,ERRO,107.600,0.44,15645.80004196614
243,ERRO,135.300,0.44,15676.100039854646
244,ERRO,81.400,0.44,15862.800006289035
245,ERRO,65.800,0.44,15832.800010684878
246,ERRO,51.400,0.44,15939.199947752059
247,ERRO,54.300,0.44,15986.799960955977
248,ERRO,59.600,0.44,15874.400036409497
249,ERRO,78.400,0.44,16146.900015883148
250,ERRO,72.600,0.44,15965.099970344454
251,ERRO,66.000,0.44,15998.29999031499
252,ERRO,73.800,0.44,15417.199989315122
253,ERRO,68.100,0.44,16263.200028333813
254,ERRO,66.000,0.44,15942.899975925684
255,ERRO,94.500,0.44,15455.400047358125
256,ERRO,71.700,0.44,15902.300016023219
257,ERRO,52.000,0.44,15870.400005951524
258,ERRO,81.800,0.44,16005.099983885884
259,ERRO,187.900,0.44,15625.0
260,ERRO,106.000,0.44,15684.899990446866
261,ERRO,57.800,0.44,16103.59997721389
262,ERRO,184.500,0.44,15569.799987133592
263,ERRO,59.800,0.44,15865.300025325269
264,ERRO,82.100,0.44,15906.49998979643
265,ERRO,91.700,0.44,15870.400005951524
266,ERRO,71.900,0.44,15887.600020505488
267,ERRO,115.900,0.44,15898.699988611042
268,ERRO,141.500,0.44,15661.000041291118
269,ERRO,89.600,0.44,15856.799960602075
270,ERRO,120.000,0.44,15811.299963388592
271,ERRO,120.200,0.44,15908.10000197962
272,ERRO,68.000,0.44,15816.09999993816
273,ERRO,102.500,0.44,15912.199974991381
274,ERRO,131.300,0.44,15758.39996803552
275,ERRO,110.800,0.44,15824.500005692244
276,ERRO,86.800,0.44,15873.299969825894
277,ERRO,77.600,0.44,15905.499982181937
278,ERRO,107.000,0.44,15812.99997633323
279,ERRO,80.300,0.44,15866.60003522411
280,ERRO,107.200,0.44,15831.199998501688
281,ERRO,101.000,0.44,15871.299954596907
282,ERRO,134.600,0.44,15890.699985902756
283,ERRO,144.700,0.44,15698.500035796314
284,ERRO,120.700,0.44,15773.600025568157
285,ERRO,105.400,0.44,15846.700000111014
286,ERRO,115.200,0.44,15817.000006791204
287,ERRO,126.300,0.44,15842.69996965304
288,ERRO,110.800,0.44,15797.700034454465
289,ERRO,109.000,0.44,15853.500051889569
290,ERRO,116.200,0.44,15786.800009664148
291,ERRO,115.400,0.44,15809.300006367266
292,ERRO,109.200,0.44,15866.70003598556
293,ERRO,92.600,0.44,15835.900034289807
294,ERRO,80.900,0.44,15923.300001304597
295,ERRO,129.300,0.44,15739.19999646023
296,ERRO,95.300,0.44,15843.800036236644
297,ERRO,124.500,0.44,15814.899990800768
298,ERRO,140.300,0.44,15743.699972517788
299,ERRO,86.100,0.44,15950.199973303825
300,ERRO,93.000,0.44,15837.899991311133
301,ERRO,137.700,0.44,15627.400018274784
302,ERRO,82.700,0.44,15854.299999773502
303,ERRO,90.100,0.44,15876.399993430823
304,ERRO,114.600,0.44,15860.4999887757
305,ERRO,113.500,0.44,15799.100045114756
306,ERRO,67.400,0.44,15906.299988273531
307,ERRO,101.500,0.44,15902.399958577007
308,ERRO,123.700,0.44,15793.999948073179
309,ERRO,130.500,0.44,15817.50001059845
310,ERRO,130.400,0.44,15818.699961528182
311,ERRO,114.100,0.44,15762.80000153929
312,ERRO,112.500,0.44,15805.099974386394
313,ERRO,101.900,0.44,15849.99996703118
314,ERRO,109.200,0.44,15846.800000872463
315,ERRO,111.200,0.44,15817.70001212135
316,ERRO,119.100,0.44,15812.900033779442
317,ERRO,115.400,0.44,15822.399989701807
318,ERRO,132.500,0.44,15758.900030050427
319,ERRO,86.800,0.44,15975.99999513477
320,ERRO,246.400,0.44,15582.699968945235
321,ERRO,78.400,0.44,15947.100007906556
322,ERRO,101.800,0.44,15746.299992315471
323,ERRO,111.500,0.44,17784.400028176606
324,ERRO,133.500,0.44,13827.199989464134
325,ERRO,158.800,0.44,15734.200016595423
326,ERRO,87.300,0.44,15869.199996814132
327,ERRO,107.500,0.44,15872.50002194196
328,ERRO,82.600,0.44,15813.19997785613
329,ERRO,111.200,0.44,15851.70003818348
330,ERRO,110.000,0.44,15854.500001296401
331,ERRO,107.100,0.44,15782.299975398928
332,ERRO,108.100,0.44,15816.400002222508
333,ERRO,131.100,0.44,15787.399956025183
334,ERRO,100.700,0.44,15919.500030577183
335,ERRO,153.900,0.44,15743.100026156753
336,ERRO,93.500,0.44,15895.299962721765
337,ERRO,110.000,0.44,15788.200020324439
338,ERRO,104.500,0.44,15831.700002308935
339,ERRO,112.900,0.44,15800.399996805936
340,ERRO,82.700,0.44,15890.19998209551
341,ERRO,111.800,0.44,15791.799989528954
342,ERRO,65.000,0.44,15915.099997073412
343,ERRO,97.100,0.44,15833.099954761565
344,ERRO,117.700,0.44,15795.000013895333
345,ERRO,72.700,0.44,15930.29999639839
346,ERRO,107.600,0.44,15864.200016949326
347,ERRO,135.700,0.44,15744.500036817044
348,ERRO,84.500,0.44,15851.099975407124
349,ERRO,106.700,0.44,15835.800033528358
350,ERRO,116.900,0.44,15850.40002828464
351,ERRO,119.600,0.44,15999.80000173673
352,ERRO,115.100,0.44,15636.600030120462
353,ERRO,113.700,0.44,15780.200017616153
354,ERRO,76.200,0.44,15873.599972110242
355,ERRO,107.600,0.44,15864.800021518022
356,ERRO,86.400,0.44,15821.099979802966
357,ERRO,79.400,0.44,15926.700027193874
358,ERRO,139.300,0.44,15734.100015833974
359,ERRO,118.300,0.44,15832.800010684878
360,ERRO,115.800,0.44,15825.200011022389
361,ERRO,96.300,0.44,15833.800018299371
362,ERRO,74.600,0.44,15894.900017883629
363,ERRO,72.100,0.44,15894.60001559928
364,ERRO,125.600,0.44,15840.500011108816
365,ERRO,127.400,0.44,15769.599995110184
366,ERRO,149.200,0.44,15761.399990879
367,ERRO,116.700,0.44,15841.800021007657
368,ERRO,116.100,0.44,15813.800040632486
369,ERRO,112.700,0.44,15809.99995348975
370,ERRO,110.400,0.44,15833.800018299371
371,ERRO,98.900,0.44,15844.800043851137
372,ERRO,130.800,0.44,15865.400026086718
373,ERRO,103.300,0.44,15757.400018628687
374,ERRO,86.400,0.44,15848.799957893789
375,ERRO,123.900,0.44,15829.099982511252
376,ERRO,77.700,0.44,15866.39997549355
377,ERRO,81.700,0.44,15905.799984466285
378,ERRO,131.100,0.44,15800.900000613183
379,ERRO,130.900,0.44,15836.299979127944
380,ERRO,143.100,0.44,15743.100026156753
381,ERRO,104.000,0.44,15856.000012718141
382,ERRO,103.300,0.44,15812.000026926398
383,ERRO,85.100,0.44,15867.89998691529
384,ERRO,118.000,0.44,15815.900056622922
385,ERRO,101.500,0.44,17243.299982510507
386,ERRO,133.100,0.44,14411.000011023134
387,ERRO,80.000,0.44,15895.100019406527
388,ERRO,135.000,0.44,15753.399988170713
389,ERRO,121.400,0.44,16075.799998361617
390,ERRO,142.300,0.44,15551.999968010932
391,ERRO,117.100,0.44,16759.400023147464
392,ERRO,134.600,0.44,15585.00004466623
393,ERRO,117.100,0.44,14970.199961680919
394,ERRO,114.300,0.44,15814.49998775497
395,ERRO,108.600,0.44,16381.900000851601
396,ERRO,134.300,0.44,15263.999986927956
397,ERRO,125.700,0.44,15855.400008149445
398,ERRO,138.100,0.44,15773.299965076149
399,ERRO,112.300,0.44,15820.799977518618
400,ERRO,113.000,0.44,15818.900021258742
401,ERRO,128.900,0.44,15804.999973624945
402,ERRO,122.200,0.44,15434.500004630536
403,ERRO,126.600,0.44,16350.399993825704
404,ERRO,263.700,0.44,14965.400041546673
405,ERRO,142.400,0.44,15807.699994184077
406,ERRO,100.000,0.44,15880.799968726933
407,ERRO,145.200,0.44,15806.299983523786
408,ERRO,138.900,0.44,15757.699962705374
409,ERRO,105.800,0.44,16052.199993282557
410,ERRO,118.000,0.44,15563.299995847046
411,ERRO,104.200,0.44,15829.699987079948
412,ERRO,125.600,0.44,15815.899998415262
413,ERRO,160.700,0.44,15757.999964989722
414,ERRO,109.200,0.44,15840.800013393164
415,ERRO,121.300,0.44,15819.899970665574
416,ERRO,91.700,0.44,15843.399974983186
417,ERRO,101.700,0.44,15822.09998741746
418,ERRO,134.600,0.44,15816.800005268306
419,ERRO,114.400,0.44,15827.699971850961
420,ERRO,93.500,0.44,15925.400017295033
421,ERRO,122.800,0.44,15725.200006272644
422,ERRO,108.700,0.44,15821.499982848763
423,ERRO,107.500,0.44,15797.900035977364
424,ERRO,110.300,0.44,15829.49998555705
425,ERRO,83.300,0.44,15853.600052651018
426,ERRO,60.600,0.44,15923.099999781698
427,ERRO,68.300,0.44,15861.699997913092
428,ERRO,55.100,0.44,15908.800007309765
429,ERRO,68.800,0.44,15924.800012726337
430,ERRO,69.600,0.44,15939.400007482618
431,ERRO,65.000,0.44,15967.899991665035
432,ERRO,96.700,0.44,15758.100023958832
433,ERRO,92.400,0.44,16889.399965293705
434,ERRO,150.400,0.44,14722.59999718517
435,ERRO,83.200,0.44,15891.500050202012
436,ERRO,56.800,0.44,15856.000012718141
437,ERRO,56.000,0.44,15967.800049111247
438,ERRO,49.600,0.44,15934.200026094913
439,ERRO,52.200,0.44,15913.100040052086
440,ERRO,50.100,0.44,15870.200004428625
441,ERRO,54.700,0.44,15989.100036676973
442,ERRO,55.200,0.44,15867.99998767674
443,ERRO,55.300,0.44,15909.199952147901
444,ERRO,88.300,0.44,15911.400027107447
445,ERRO,78.600,0.44,15803.199959918857
446,ERRO,73.400,0.44,15985.400008503348
447,ERRO,63.400,0.44,15903.3999661915
448,ERRO,63.900,0.44,15816.800005268306
449,ERRO,68.000,0.44,15986.199956387281
450,ERRO,66.600,0.44,15858.700033277273
451,ERRO,72.300,0.44,15839.90000654012
452,ERRO,87.200,0.44,15914.199990220368
453,ERRO,68.500,0.44,15829.099982511252
454,ERRO,71.400,0.44,15926.499967463315
455,ERRO,70.100,0.44,15924.899955280125
456,ERRO,66.300,0.44,15871.10001128167
457,ERRO,55.300,0.44,15952.699992340058
458,ERRO,78.700,0.44,15867.99998767674
459,ERRO,66.800,0.44,15917.599957901984
460,ERRO,72.200,0.44,15885.70000603795
461,ERRO,66.400,0.44,15846.300055272877
462,ERRO,60.100,0.44,15947.600011713803
463,ERRO,71.300,0.44,15891.999995801598
464,ERRO,68.900,0.44,15907.799999695271
465,ERRO,72.200,0.44,15878.100006375462
466,ERRO,72.300,0.44,15861.899999435991
467,ERRO,55.300,0.44,15920.899983029813
468,ERRO,57.500,0.44,15872.999967541546
469,ERRO,103.000,0.44,15846.299997065216
470,ERRO,50.100,0.44,15914.799994789064
471,ERRO,49.400,0.44,15924.20000815764
472,ERRO,49.200,0.44,15944.099985063076
473,ERRO,75.800,0.44,15888.299967627972
474,ERRO,62.800,0.44,15967.19998633489
475,ERRO,176.600,0.44,15670.199994929135
476,ERRO,65.700,0.44,15917.599957901984
477,ERRO,57.200,0.44,15927.40003252402
478,ERRO,65.900,0.44,15887.700021266937
479,ERRO,60.100,0.44,15907.299995888025
480,ERRO,58.700,0.44,15899.09999165684
481,ERRO,68.100,0.44,15920.800040476024
482,ERRO,68.200,0.44,15890.29998285696
483,ERRO,68.300,0.44,15855.600009672344
484,ERRO,63.800,0.44,15943.999984301627
485,ERRO,113.500,0.44,15782.900038175285
486,ERRO,77.100,0.44,15878.200007136911
487,ERRO,74.800,0.44,15825.300011783838
488,ERRO,94.700,0.44,15991.299995221198
489,ERRO,63.600,0.44,15814.299986232072
490,ERRO,51.300,0.44,15885.500004515052
491,ERRO,81.300,0.44,15912.49997727573
492,ERRO,90.100,0.44,15875.799988862127
493,ERRO,79.100,0.44,15866.899979300797
494,ERRO,76.700,0.44,15865.10002380237
495,ERRO,104.400,0.44,15837.00004266575
496,ERRO,108.400,0.44,15874.299977440387
497,ERRO,104.800,0.44,15838.499995879829
498,ERRO,79.000,0.44,15865.699970163405
499,ERRO,114.500,0.44,15865.899971686304
500,ERRO,107.900,0.44,15825.899958144873
501,ERRO,102.700,0.44,15645.499981474131
502,ERRO,87.700,0.44,15875.899989623576
503,ERRO,95.200,0.44,15839.90000654012
504,ERRO,93.100,0.44,15891.69999351725
505,ERRO,95.700,0.44,15800.499997567385
506,ERRO,73.400,0.44,15897.69998099655
507,ERRO,72.300,0.44,15913.699986413121
508,ERRO,77.000,0.44,15896.20002778247
509,ERRO,103.200,0.44,15833.100012969226
510,ERRO,109.000,0.44,15824.800007976592
511,ERRO,112.700,0.44,15812.299971003085
512,ERRO,80.300,0.44,15871.600015088916
513,ERRO,68.800,0.44,15555.100049823523
514,ERRO,111.700,0.44,15891.69999351725
515,ERRO,182.200,0.44,15749.4000159204
516,ERRO,118.400,0.44,15898.599987849593
517,ERRO,108.100,0.44,15713.400032836944
518,ERRO,96.800,0.44,15828.500036150217
519,ERRO,66.200,0.44,15841.500018723309
520,ERRO,62.600,0.44,15905.900043435395
521,ERRO,43.100,0.44,15983.899997081608
522,ERRO,52.200,0.44,15925.300016533583
523,ERRO,43.800,0.44,15940.900018904358
524,ERRO,53.100,0.44,15896.500030066818
525,ERRO,43.800,0.44,15964.900027029216
526,ERRO,45.100,0.44,16002.199961803854
527,ERRO,161.700,0.44,15705.699974205345
528,ERRO,76.000,0.44,15900.900005362928
529,ERRO,67.000,0.44,15891.099988948554
530,ERRO,60.400,0.44,15882.599982433021
531,ERRO,65.300,0.44,15881.900035310537
532,ERRO,72.500,0.44,15934.799972455949
533,ERRO,67.500,0.44,15891.999995801598
534,ERRO,69.100,0.44,15903.400024399161
535,ERRO,69.800,0.44,15842.899971175939
536,ERRO,85.000,0.44,15871.700015850365
537,ERRO,99.100,0.44,15887.700021266937
538,ERRO,67.700,0.44,15848.000010009855
539,ERRO,93.500,0.44,15913.700044620782
540,ERRO,81.900,0.44,15883.299987763166
541,ERRO,84.300,0.44,15755.000000353903
542,ERRO,66.400,0.44,16007.900005206466
543,ERRO,67.400,0.44,15907.299995888025
544,ERRO,65.100,0.44,15814.299986232072
545,ERRO,55.500,0.44,15998.39999107644
546,ERRO,88.600,0.44,15756.200009491295
547,ERRO,49.000,0.44,16068.299999460578
548,ERRO,92.900,0.44,15673.500020056963
549,ERRO,61.900,0.44,15920.900041237473
550,ERRO,49.700,0.44,15941.700024995953
551,ERRO,50.500,0.44,15950.699977111071
552,ERRO,57.100,0.44,15885.500004515052
553,ERRO,72.900,0.44,16198.40000057593
554,ERRO,59.100,0.44,15534.000005573034
555,ERRO,58.900,0.44,16423.59996913001
556,ERRO,59.500,0.44,16000.900010112673
557,ERRO,71.800,0.44,15420.000010635704
558,ERRO,96.800,0.44,15689.399966504425
559,ERRO,62.900,0.44,16005.000041332096
560,ERRO,55.200,0.44,16368.600015994161
561,ERRO,63.100,0.44,15428.500017151237
562,ERRO,89.100,0.44,15813.299978617579
563,ERRO,82.500,0.44,16027.099976781756
564,ERRO,98.700,0.44,15988.699975423515
565,ERRO,125.000,0.44,15671.00000102073
566,ERRO,132.700,0.44,15699.399984441698
567,ERRO,102.400,0.44,15916.89995257184
568,ERRO,90.700,0.44,15759.80003690347
569,ERRO,53.900,0.44,16357.399988919497
570,ERRO,64.300,0.44,15502.199996262789
571,ERRO,64.000,0.44,16250.000044237822
572,ERRO,108.300,0.44,15674.399968702346
573,ERRO,142.200,0.44,15737.70004324615
574,ERRO,142.200,0.44,15646.100044250488
575,ERRO,55.500,0.44,15825.700014829636
576,ERRO,45.100,0.44,15936.500043608248
577,ERRO,67.700,0.44,15966.699982527643
578,ERRO,55.400,0.44,15896.500030066818
579,ERRO,61.300,0.44,15963.799960445613
580,ERRO,64.400,0.44,16252.100002020597
581,ERRO,128.500,0.44,15413.10001630336
582,ERRO,77.200,0.44,15875.999990385026
583,ERRO,99.400,0.44,15828.800038434565
584,ERRO,69.000,0.44,15925.200015772134
585,ERRO,53.900,0.44,15934.300026856363
586,ERRO,49.400,0.44,15920.300036668777
587,ERRO,48.900,0.44,15960.699995048344
588,ERRO,58.700,0.44,15848.900016862899
589,ERRO,74.100,0.44,15839.700005017221
590,ERRO,59.700,0.44,16016.699955798686
591,ERRO,59.400,0.44,16191.900009289384
592,ERRO,62.900,0.44,15623.60004754737
593,ERRO,71.200,0.44,15798.900043591857
594,ERRO,56.800,0.44,16005.399986170232
595,ERRO,69.900,0.44,15900.50000231713
596,ERRO,73.400,0.44,15924.20000815764
597,ERRO,65.900,0.44,15822.499990463257
598,ERRO,71.200,0.44,15925.80002034083
599,ERRO,59.700,0.44,15921.499987598509
600,ERRO,60.700,0.44,15917.599957901984
601,ERRO,82.400,0.44,15679.200005251914
602,ERRO,69.700,0.44,15939.00000443682
603,ERRO,68.300,0.44,15892.399998847395
604,ERRO,64.800,0.44,15888.499969150871
605,ERRO,65.200,0.44,15900.70000384003
606,ERRO,60.100,0.44,15871.900017373264
607,ERRO,43.200,0.44,15972.200024407357
608,ERRO,58.200,0.44,15903.999970760196
609,ERRO,41.100,0.44,15852.399985305965
610,ERRO,56.100,0.44,15973.299974575639
611,ERRO,53.200,0.44,15839.100000448525
612,ERRO,49.900,0.44,15938.700002152473
613,ERRO,52.700,0.44,15868.799993768334
614,ERRO,81.500,0.44,15965.600032359362
615,ERRO,56.900,0.44,15856.499958317727
616,ERRO,69.000,0.44,15787.600015755743
617,ERRO,94.800,0.44,15925.200015772134
618,ERRO,67.200,0.44,15898.400044534355
619,ERRO,68.900,0.44,15892.800001893193
620,ERRO,66.600,0.44,15890.19998209551
621,ERRO,65.200,0.44,15927.700034808367
622,ERRO,78.400,0.44,15818.000014405698
623,ERRO,71.500,0.44,15954.900009091944
624,ERRO,65.000,0.44,15875.099983531982
625,ERRO,64.500,0.44,15889.500034973025
626,ERRO,86.300,0.44,15886.700013652444
627,ERRO,64.800,0.44,15856.09995527193
628,ERRO,99.900,0.44,15794.400009326637
629,ERRO,55.700,0.44,15906.49998979643
630,ERRO,45.700,0.44,15938.099997583777
631,ERRO,76.100,0.44,15913.399984128773
632,ERRO,52.900,0.44,15915.600000880659
633,ERRO,76.700,0.44,15850.799973122776
634,ERRO,56.000,0.44,15951.399982441217
635,ERRO,93.700,0.44,15901.900012977421
636,ERRO,67.100,0.44,15830.99999697879
637,ERRO,64.800,0.44,15878.700010944158
638,ERRO,55.200,0.44,15895.899967290461
639,ERRO,51.200,0.44,15964.600024744868
640,ERRO,68.600,0.44,15861.599997151643
641,ERRO,96.800,0.44,15874.999982770532
642,ERRO,96.000,0.44,15886.400011368096
643,ERRO,74.000,0.44,15906.300046481192
644,ERRO,122.000,0.44,15732.900006696582
645,ERRO,67.000,0.44,15885.300002992153
646,ERRO,53.800,0.44,15950.500033795834
647,ERRO,55.300,0.44,15875.499986577779
648,ERRO,83.900,0.44,15872.700023464859
649,ERRO,61.500,0.44,15905.300038866699
650,ERRO,93.300,0.44,15937.899996060878
651,ERRO,68.800,0.44,15862.500004004687
652,ERRO,79.600,0.44,15792.899997904897
653,ERRO,101.600,0.44,15989.39998075366
654,ERRO,83.700,0.44,15789.200027938932
655,ERRO,74.000,0.44,15919.399971608073
656,ERRO,63.200,0.44,15885.000000707805
657,ERRO,60.400,0.44,15915.000054519624
658,ERRO,64.100,0.44,15901.000006124377
659,ERRO,65.800,0.44,15854.400000534952
660,ERRO,70.500,0.44,15945.999999530613
661,ERRO,66.100,0.44,15872.50002194196
662,ERRO,60.200,0.44,15849.400020670146
663,ERRO,53.100,0.44,15970.600012224168
664,ERRO,55.800,0.44,15856.000012718141
665,ERRO,70.800,0.44,15931.70000705868
666,ERRO,114.800,0.44,15857.300022616982
667,ERRO,57.900,0.44,15858.299972023815
668,ERRO,48.900,0.44,15906.300046481192
669,ERRO,48.100,0.44,15938.299999106675
670,ERRO,53.000,0.44,15923.500002827495
671,ERRO,66.300,0.44,15923.299943096936
672,ERRO,69.500,0.44,15884.499996900558
673,ERRO,110.700,0.44,15865.099965594709
674,ERRO,77.900,0.44,15846.299997065216
675,ERRO,162.000,0.44,15763.999952469021
676,ERRO,78.600,0.44,15810.20001322031
677,ERRO,58.200,0.44,15951.900044456124
678,ERRO,63.700,0.44,15933.699964080006
679,ERRO,60.700,0.44,15921.099984552711
680,ERRO,77.600,0.44,15743.600029964
681,ERRO,64.900,0.44,15957.199968397617
682,ERRO,50.200,0.44,15926.300024148077
683,ERRO,59.400,0.44,15839.300001971424
684,ERRO,89.800,0.44,15943.699982017279
685,ERRO,59.700,0.44,15895.600023213774
686,ERRO,83.200,0.44,15847.500006202608
687,ERRO,81.600,0.44,15787.300013471395
688,ERRO,66.700,0.44,15993.000008165836
689,ERRO,66.000,0.44,15865.10002380237
690,ERRO,66.000,0.44,15925.79996213317
691,ERRO,67.700,0.44,15819.600026588887
692,ERRO,65.800,0.44,15945.599996484816
693,ERRO,94.100,0.44,15924.900013487786
694,ERRO,63.000,0.44,15910.800022538751
695,ERRO,72.700,0.44,15776.499989442527
696,ERRO,62.800,0.44,15978.300012648106
697,ERRO,62.400,0.44,15944.99999191612
698,ERRO,71.900,0.44,15864.000015426427
699,ERRO,58.400,0.44,15897.099976427853
700,ERRO,66.700,0.44,15926.699968986213
701,ERRO,77.200,0.44,15754.699998069555
702,ERRO,87.800,0.44,15862.900007050484
703,ERRO,70.600,0.44,15918.000019155443
704,ERRO,97.500,0.44,15888.199966866523
705,ERRO,67.700,0.44,15846.199996303767
706,ERRO,60.300,0.44,15924.799954518676
707,ERRO,66.500,0.44,15873.299969825894
708,ERRO,66.600,0.44,15860.699990298599
709,ERRO,55.500,0.44,15966.500039212406
710,ERRO,71.000,0.44,15814.799990039319
711,ERRO,92.300,0.44,15908.10000197962
712,ERRO,86.800,0.44,15896.900033112615
713,ERRO,61.200,0.44,15860.500046983361
714,ERRO,66.200,0.44,15893.800009507686
715,ERRO,70.500,0.44,15899.799996986985
716,ERRO,81.000,0.44,15917.300013825297
717,ERRO,84.900,0.44,15827.099967282265
718,ERRO,73.700,0.44,15844.29998183623
719,ERRO,57.800,0.44,15916.700009256601
720,ERRO,136.500,0.44,15864.000015426427
721,ERRO,70.400,0.44,15866.699977777898
722,ERRO,56.600,0.44,15918.599965516478
723,ERRO,66.800,0.44,15910.200017970055
724,ERRO,64.100,0.44,15911.00002406165
725,ERRO,67.600,0.44,15882.999985478818
726,ERRO,60.500,0.44,15905.999985989183
727,ERRO,97.300,0.44,15882.69998319447
728,ERRO,66.100,0.44,15881.800034549087
729,ERRO,203.100,0.44,15724.800003226846
730,ERRO,152.800,0.44,15761.399990879
731,ERRO,150.000,0.44,15819.500025827438
732,ERRO,80.300,0.44,15897.799981757998
733,ERRO,69.500,0.44,15818.000014405698
734,ERRO,84.900,0.44,15845.499990973622
735,ERRO,92.700,0.44,15877.700003329664
736,ERRO,68.400,0.44,15901.100006885827
737,ERRO,88.800,0.44,15858.599974308163
738,ERRO,72.300,0.44,15838.799998164177
739,ERRO,90.100,0.44,15870.300005190074
740,ERRO,89.000,0.44,15888.300025835633
741,ERRO,93.000,0.44,15864.400018472224
742,ERRO,87.400,0.44,15832.000004593283
743,ERRO,89.000,0.44,15906.000044196844
744,ERRO,69.100,0.44,15856.199956033379
745,ERRO,92.100,0.44,15863.100008573383
746,ERRO,113.300,0.44,15821.500041056424
747,ERRO,110.000,0.44,15945.699997246265
748,ERRO,78.100,0.44,15789.39997125417
749,ERRO,97.300,0.44,15791.599988006055
750,ERRO,95.700,0.44,15842.899971175939
751,ERRO,98.000,0.44,15887.20001745969
752,ERRO,70.100,0.44,15884.099993854761
753,ERRO,101.800,0.44,15850.19996855408
754,ERRO,89.200,0.44,15846.299997065216
755,ERRO,95.500,0.44,15899.999998509884
756,ERRO,76.900,0.44,15836.9000419043
757,ERRO,100.400,0.44,15849.300019908696
758,ERRO,97.400,0.44,15854.200057219714
759,ERRO,121.200,0.44,15861.299994867295
760,ERRO,116.300,0.44,15782.800037413836
761,ERRO,81.500,0.44,15846.499998588115
762,ERRO,104.100,0.44,15878.000005614012
763,ERRO,78.900,0.44,15833.79996009171
764,ERRO,101.100,0.44,15905.400039628148
765,ERRO,145.400,0.44,15834.700025152415
766,ERRO,186.700,0.44,15591.499977745116
767,ERRO,97.000,0.44,15847.100003156811
768,ERRO,73.000,0.44,15865.600027609617
769,ERRO,66.800,0.44,15892.000054009259
770,ERRO,59.000,0.44,16031.600011046976
771,ERRO,64.300,0.44,15890.899987425655
772,ERRO,63.700,0.44,15909.999958239496
773,ERRO,68.600,0.44,15903.199964668602
774,ERRO,66.200,0.44,15872.100018896163
775,ERRO,59.000,0.44,15930.499997921288
776,ERRO,64.400,0.44,15885.000000707805
777,ERRO,68.400,0.44,15893.699950538576
778,ERRO,170.800,0.44,15687.000006437302
779,ERRO,62.000,0.44,15905.999985989183
780,ERRO,57.700,0.44,15911.200025584549
781,ERRO,60.300,0.44,15985.400008503348
782,ERRO,68.300,0.44,15910.99996585399
783,ERRO,67.200,0.44,15826.50002092123
784,ERRO,89.300,0.44,15857.500024139881
785,ERRO,179.600,0.44,15733.799955341965
786,ERRO,61.900,0.44,15880.800026934594
787,ERRO,86.300,0.44,15868.999995291233
788,ERRO,55.000,0.44,15889.799979049712
789,ERRO,84.300,0.44,15897.5999802351
790,ERRO,84.000,0.44,15859.10003632307
791,ERRO,50.500,0.44,15937.899996060878
792,ERRO,57.700,0.44,15871.200012043118
793,ERRO,58.100,0.44,15937.199990730733
794,ERRO,52.000,0.44,16123.799956403673
795,ERRO,51.200,0.44,15885.90000756085
796,ERRO,56.100,0.44,15857.59996669367
797,ERRO,61.400,0.44,15885.8000067994
798,ERRO,72.300,0.44,15892.99994520843
799,ERRO,91.400,0.44,16095.699975267053
800,ERRO,79.400,0.44,15644.699975382537
801,ERRO,91.200,0.44,15769.899997394532
802,ERRO,91.000,0.44,16005.999990738928
803,ERRO,88.800,0.44,15513.099962845445
804,ERRO,86.600,0.44,16209.000023081899
805,ERRO,179.700,0.44,15477.799985092133
806,ERRO,128.400,0.44,15553.399978671223
807,ERRO,106.600,0.44,15873.500029556453
808,ERRO,69.800,0.44,15845.199988689274
809,ERRO,57.100,0.44,16067.89999641478
810,ERRO,49.800,0.44,16018.700029235333
811,ERRO,61.900,0.44,15654.200047720224
812,ERRO,61.500,0.44,15881.600033026189
813,ERRO,60.800,0.44,16030.600003432482
814,ERRO,134.300,0.44,15562.7999920398
815,ERRO,48.300,0.44,15987.500024493784
816,ERRO,82.000,0.44,15896.899974904954
817,ERRO,68.000,0.44,15911.800030153245
818,ERRO,84.300,0.44,15748.500009067357
819,ERRO,82.100,0.44,15972.499968484044
820,ERRO,67.100,0.44,15849.699964746833
821,ERRO,71.800,0.44,15842.100023292005
822,ERRO,84.900,0.44,15841.40001796186
823,ERRO,56.800,0.44,15965.899976436049
824,ERRO,60.700,0.44,15906.59999055788
825,ERRO,78.100,0.44,15899.3000513874
826,ERRO,60.800,0.44,15918.39996399358
827,ERRO,80.100,0.44,15791.999991051853
828,ERRO,94.900,0.44,15863.000007811934
829,ERRO,79.100,0.44,15883.599990047514
830,ERRO,86.200,0.44,15822.899993509054
831,ERRO,48.300,0.44,15984.199999365956
832,ERRO,65.200,0.44,15814.999991562217
833,ERRO,50.800,0.44,16047.3000141792
834,ERRO,57.200,0.44,15915.50000011921
835,ERRO,62.000,0.44,15914.299990981817
836,ERRO,71.500,0.44,15883.999993093312
837,ERRO,66.800,0.44,15912.60003624484
838,ERRO,55.900,0.44,15912.699978798628
839,ERRO,60.300,0.44,15917.800017632544
840,ERRO,75.400,0.44,15795.30001617968
841,ERRO,60.800,0.44,15919.099969323725
842,ERRO,65.500,0.44,15927.000029478222
843,ERRO,58.500,0.44,15904.499974567443
844,ERRO,107.300,0.44,15833.90001906082
845,ERRO,70.200,0.44,15941.699966788292
846,ERRO,69.600,0.44,15895.400021690875
847,ERRO,57.600,0.44,15920.299978461117
848,ERRO,63.300,0.44,15856.999962124974
849,ERRO,58.200,0.44,15881.499974057078
850,ERRO,47.000,0.44,15939.300006721169
851,ERRO,49.500,0.44,15968.59999699518
852,ERRO,68.900,0.44,15858.699975069612
853,ERRO,103.300,0.44,15916.500007733703
854,ERRO,89.900,0.44,15873.999975156039
855,ERRO,80.400,0.44,15809.500007890165
856,ERRO,72.200,0.44,15982.299984898418
857,ERRO,76.800,0.44,15868.899994529784
858,ERRO,67.400,0.44,15896.799974143505
859,ERRO,63.600,0.44,15886.599954683334
860,ERRO,67.400,0.44,15849.400020670146
861,ERRO,74.300,0.44,15863.799955695868
862,ERRO,50.000,0.44,15916.9000107795
863,ERRO,36.400,0.44,15959.89998895675
864,ERRO,45.400,0.44,15914.499992504716
865,ERRO,48.100,0.44,15941.89996831119
866,ERRO,49.400,0.44,15898.199984803796
867,ERRO,55.200,0.44,15895.400021690875
868,ERRO,54.700,0.44,15914.399991743267
869,ERRO,57.300,0.44,15930.399997159839
870,ERRO,80.600,0.44,15906.799992080778
871,ERRO,70.300,0.44,15834.500023629516
872,ERRO,67.500,0.44,15881.099971011281
873,ERRO,71.300,0.44,15900.900005362928
874,ERRO,80.900,0.44,15918.200020678341
875,ERRO,69.700,0.44,15835.699974559247
876,ERRO,63.600,0.44,15893.600007984787
877,ERRO,82.700,0.44,15911.399968899786
878,ERRO,67.900,0.44,15918.099961709231
879,ERRO,69.100,0.44,15888.600028119981
880,ERRO,69.700,0.44,15871.00001052022
881,ERRO,218.000,0.44,15776.20004536584
882,ERRO,108.600,0.44,15834.00001982227
883,ERRO,97.200,0.44,15826.29996119067
884,ERRO,79.500,0.44,15824.900008738041
885,ERRO,77.800,0.44,15922.399994451553
886,ERRO,127.900,0.44,15870.500006712973
887,ERRO,68.100,0.44,15801.800007466227
888,ERRO,66.300,0.44,15984.399942681193
889,ERRO,66.400,0.44,15860.299987252802
890,ERRO,56.200,0.44,15867.399983108044
891,ERRO,54.300,0.44,15908.10000197962
892,ERRO,57.900,0.44,15905.600041151047
893,ERRO,68.300,0.44,15964.200021699071
894,ERRO,76.500,0.44,15898.199984803796
895,ERRO,70.900,0.44,15822.800050955266
896,ERRO,85.000,0.44,15893.500007223338
897,ERRO,70.600,0.44,15894.100011792034
898,ERRO,69.300,0.44,15955.100010614842
899,ERRO,59.700,0.44,15894.000011030585
900,ERRO,58.600,0.44,15892.600000370294
901,ERRO,69.300,0.44,15806.399984285235
902,ERRO,102.600,0.44,15785.499999765307
903,ERRO,77.100,0.44,15935.200033709407
904,ERRO,64.300,0.44,15949.799970258027
905,ERRO,100.100,0.44,15763.200004585087
906,ERRO,65.800,0.44,15893.500007223338
907,ERRO,57.000,0.44,15881.40003150329
908,ERRO,66.100,0.44,15949.50002618134
909,ERRO,50.500,0.44,15904.400032013655
910,ERRO,49.500,0.44,15931.100002489984
911,ERRO,67.700,0.44,15877.500001806766
912,ERRO,47.000,0.44,15928.499982692301
913,ERRO,78.600,0.44,15900.099999271333
914,ERRO,51.400,0.44,15921.50004580617
915,ERRO,55.900,0.44,15925.90002110228
916,ERRO,56.500,0.44,15890.100039541721
917,ERRO,60.600,0.44,15880.200022365898
918,ERRO,62.700,0.44,15902.199957054108
919,ERRO,63.200,0.44,15961.600001901388
920,ERRO,62.300,0.44,15962.80001103878
921,ERRO,80.200,0.44,15843.700035475194
922,ERRO,80.300,0.44,15879.300015512854
923,ERRO,80.600,0.44,15875.499986577779
924,ERRO,81.200,0.44,15872.300020419061
925,ERRO,65.600,0.44,15904.89997761324
926,ERRO,81.700,0.44,15872.000018134713
927,ERRO,63.800,0.44,15920.899983029813
928,ERRO,253.500,0.44,15609.399997629225
929,ERRO,104.000,0.44,15812.200028449297
930,ERRO,152.000,0.44,15866.800036747009
931,ERRO,77.300,0.44,15806.999988853931
932,ERRO,64.600,0.44,15884.699998423457
933,ERRO,81.500,0.44,15885.100001469254
934,ERRO,64.100,0.44,15884.29999537766
935,ERRO,79.100,0.44,15931.200003251433
936,ERRO,63.800,0.44,15905.20003810525
937,ERRO,71.700,0.44,15878.30000789836
938,ERRO,78.700,0.44,15857.80002642423
939,ERRO,89.000,0.44,15928.499982692301
940,ERRO,57.200,0.44,15865.999972447753
941,ERRO,84.200,0.44,15909.50001263991
942,ERRO,70.000,0.44,15811.299963388592
943,ERRO,75.900,0.44,15934.099967125803
944,ERRO,69.800,0.44,15934.399969410151
945,ERRO,65.500,0.44,15813.09997709468
946,ERRO,82.100,0.44,15830.89999621734
947,ERRO,72.800,0.44,15975.199989043176
948,ERRO,59.400,0.44,15925.300016533583
949,ERRO,65.000,0.44,15913.89998793602
950,ERRO,78.300,0.44,15880.200022365898
951,ERRO,81.800,0.44,15870.600007474422
952,ERRO,65.300,0.44,15835.699974559247
953,ERRO,84.800,0.44,15901.000006124377
954,ERRO,174.200,0.44,15755.000000353903
955,ERRO,93.900,0.44,15899.999998509884
956,ERRO,64.000,0.44,15899.499994702637
957,ERRO,65.300,0.44,15891.999995801598
958,ERRO,68.100,0.44,15923.099999781698
959,ERRO,69.000,0.44,15889.599977526814
960,ERRO,75.000,0.44,15861.299994867295
961,ERRO,61.800,0.44,15818.700019735843
962,ERRO,76.800,0.44,15923.600003588945
963,ERRO,155.400,0.44,15811.49996491149
964,ERRO,97.200,0.44,15778.299944940954
965,ERRO,77.000,0.44,15877.899946644902
966,ERRO,63.300,0.44,15923.200000543147
967,ERRO,71.100,0.44,15877.600002568215
968,ERRO,98.000,0.44,15907.199995126575
969,ERRO,72.000,0.44,15884.899999946356
970,ERRO,71.700,0.44,15857.59996669367
971,ERRO,66.800,0.44,15928.6999842152
972,ERRO,69.100,0.44,15988.600032869726
973,ERRO,192.000,0.44,15589.599963277578
974,ERRO,65.100,0.44,15882.700041402131
975,ERRO,63.000,0.44,15905.600041151047
976,ERRO,59.600,0.44,15898.400044534355
977,ERRO,57.000,0.44,15895.599965006113
978,ERRO,74.500,0.44,15898.199984803796
979,ERRO,67.200,0.44,15938.600001391023
980,ERRO,82.900,0.44,15915.099997073412
981,ERRO,97.500,0.44,15811.100020073354
982,ERRO,111.300,0.44,15808.60000103712
983,ERRO,82.400,0.44,15827.89997337386
984,ERRO,104.600,0.44,15918.000019155443
985,ERRO,113.400,0.44,15746.999997645617
986,ERRO,78.900,0.44,15861.499996390194
987,ERRO,73.200,0.44,15904.499974567443
988,ERRO,95.300,0.44,15908.500005025417
989,ERRO,112.700,0.44,15811.299963388592
990,ERRO,81.100,0.44,15831.199998501688
991,ERRO,82.900,0.44,15863.50001161918
992,ERRO,112.600,0.44,15837.300044950098
993,ERRO,111.900,0.44,15844.200039282441
994,ERRO,105.200,0.44,15863.900014664978
995,ERRO,125.400,0.44,15789.999975822866
996,ERRO,97.500,0.44,15861.399995628744
997,ERRO,110.400,0.44,15802.100009750575
998,ERRO,110.400,0.44,15834.900026675314
999,ERRO,99.000,0.44,15823.5999988392
1000,ERRO,103.500,0.44,15832.40000763908
1001,ERRO,146.200,0.44,15599.8999834992
1002,ERRO,79.100,0.44,16756.400000303984
1003,ERRO,108.700,0.44,14827.600040007383
1004,ERRO,107.300,0.44,15848.500013817102
1005,ERRO,114.300,0.44,15931.60000629723
1006,ERRO,128.500,0.44,15733.000007458031
1007,ERRO,107.000,0.44,15808.500000275671
1008,ERRO,72.100,0.44,15865.400026086718
1009,ERRO,79.400,0.44,15957.300027366728
1010,ERRO,106.500,0.44,15857.000020332634
1011,ERRO,120.900,0.44,15818.200015928596
1012,ERRO,90.500,0.44,15870.700008235872
1013,ERRO,149.700,0.44,15814.200043678284
1014,ERRO,212.100,0.44,15626.799955498427
1015,ERRO,81.500,0.44,15824.600006453693
1016,ERRO,79.900,0.44,15883.999993093312
1017,ERRO,104.100,0.44,15848.200011532754
1018,ERRO,73.000,0.44,15863.099950365722
1019,ERRO,66.700,0.44,15916.100004687905
1020,ERRO,90.700,0.44,15841.100015677512
1021,ERRO,76.400,0.44,15897.60003844276
1022,ERRO,108.000,0.44,15943.49998049438
1023,ERRO,75.900,0.44,15882.099978625774
1024,ERRO,89.500,0.44,15849.700022954494
1025,ERRO,147.200,0.44,15600.199985783547
1026,ERRO,75.300,0.44,15889.200032688677
1027,ERRO,65.100,0.44,15931.200003251433
1028,ERRO,63.600,0.44,15903.70002668351
1029,ERRO,150.500,0.44,15780.299960169941
1030,ERRO,69.800,0.44,15898.899990133941
1031,ERRO,69.500,0.44,15894.999960437417
1032,ERRO,73.200,0.44,15869.899943936616
1033,ERRO,80.200,0.44,15897.300036158413
1034,ERRO,72.300,0.44,15880.200022365898
1035,ERRO,65.900,0.44,15907.199995126575
1036,ERRO,72.500,0.44,15852.200041990727
1037,ERRO,154.400,0.44,15747.500001452863
1038,ERRO,104.400,0.44,15865.999972447753
1039,ERRO,69.100,0.44,15872.899966780096
1040,ERRO,66.300,0.44,15852.799988351762
1041,ERRO,74.800,0.44,15885.300002992153
1042,ERRO,65.300,0.44,15935.199975501746
1043,ERRO,65.600,0.44,15914.699994027615
1044,ERRO,70.500,0.44,15869.800001382828
1045,ERRO,51.500,0.44,15946.300001814961
1046,ERRO,77.100,0.44,15894.199954345822
1047,ERRO,73.800,0.44,15786.40000661835
1048,ERRO,114.400,0.44,15883.500047493726
1049,ERRO,66.100,0.44,15886.400011368096
1050,ERRO,57.500,0.44,15847.20000391826
1051,ERRO,63.300,0.44,15893.600007984787
1052,ERRO,84.200,0.44,16013.599990401417
1053,ERRO,113.100,0.44,16005.299985408783
1054,ERRO,113.800,0.44,15721.999981906265
1055,ERRO,120.800,0.44,15697.300026658922
1056,ERRO,129.600,0.44,15749.199956189841
1057,ERRO,119.400,0.44,16160.200000740588
1058,ERRO,137.200,0.44,15425.399993546307
1059,ERRO,124.300,0.44,15775.399981066585
1060,ERRO,54.200,0.44,16257.000039331615
1061,ERRO,56.400,0.44,15881.700033787638
1062,ERRO,93.500,0.44,15902.300016023219
1063,ERRO,85.300,0.44,15729.399980045855
1064,ERRO,113.800,0.44,16081.39998279512
1065,ERRO,141.200,0.44,15331.500035244972
1066,ERRO,83.600,0.44,15860.799991060048
1067,ERRO,64.100,0.44,15939.500008244067
1068,ERRO,57.400,0.44,15851.000032853335
1069,ERRO,48.900,0.44,15921.699989121407
1070,ERRO,51.900,0.44,15870.800008997321
1071,ERRO,59.200,0.44,15896.500030066818
1072,ERRO,45.700,0.44,15999.600000213832
1073,ERRO,53.600,0.44,16016.800014767796
1074,ERRO,69.700,0.44,15874.299977440387
1075,ERRO,79.000,0.44,15893.20000493899
1076,ERRO,102.400,0.44,16111.600038129836
1077,ERRO,149.900,0.44,15634.00001032278
1078,ERRO,125.100,0.44,15945.799998007715
1079,ERRO,96.900,0.44,15536.500024609268
1080,ERRO,89.700,0.44,16247.29996547103
1081,ERRO,79.700,0.44,15606.000029947609
1082,ERRO,121.600,0.44,15836.399979889393
1083,ERRO,118.200,0.44,15988.099970854819
1084,ERRO,106.400,0.44,15906.299988273531
1085,ERRO,110.400,0.44,15928.100037854165
1086,ERRO,145.300,0.44,15821.099979802966
1087,ERRO,225.100,0.44,15673.400019295514
1088,ERRO,162.200,0.44,15545.10003188625
1089,ERRO,159.800,0.44,15981.400036253035
1090,ERRO,163.200,0.44,15514.599974267185
1091,ERRO,160.200,0.44,16034.099971875548
1092,ERRO,196.600,0.44,15302.300045732409
1093,ERRO,299.000,0.44,15608.999994583428
1094,ERRO,160.200,0.44,15651.500027161092
1095,ERRO,178.500,0.44,15900.099999271333
1096,ERRO,157.200,0.44,15667.599975131452
1097,ERRO,213.100,0.44,15677.399991545826
1098,ERRO,155.400,0.44,15660.59998003766
1099,ERRO,192.200,0.44,15940.50001585856
1100,ERRO,172.300,0.44,15846.299997065216
1101,ERRO,174.700,0.44,15150.90005705133
1102,ERRO,162.400,0.44,15600.300044752657
1103,ERRO,132.000,0.44,15831.900003831834
1104,ERRO,89.700,0.44,16127.700044307858
1105,ERRO,115.500,0.44,15548.099996522069
1106,ERRO,101.500,0.44,15821.200038772076
1107,ERRO,180.400,0.44,16165.199980605394
1108,ERRO,281.700,0.44,15344.600018579513
1109,ERRO,160.100,0.44,15584.599983412772
1110,ERRO,148.200,0.44,15703.000011853874
1111,ERRO,107.200,0.44,15918.30002143979
1112,ERRO,143.800,0.44,15641.19994873181
1113,ERRO,73.800,0.44,15842.79997041449
1114,ERRO,45.500,0.44,16020.399983972311
1115,ERRO,108.000,0.44,15856.999962124974
1116,ERRO,96.300,0.44,15785.299998242408
1117,ERRO,69.400,0.44,15925.600018817931
1118,ERRO,60.300,0.44,15971.69996239245
1119,ERRO,63.900,0.44,15884.19999461621
1120,ERRO,61.200,0.44,15912.100032437593
1121,ERRO,58.400,0.44,15914.399991743267
1122,ERRO,72.000,0.44,15887.20001745969
1123,ERRO,50.800,0.44,15956.300019752234
1124,ERRO,45.700,0.44,15891.999995801598
1125,ERRO,63.700,0.44,15902.499959338456
1126,ERRO,58.100,0.44,15851.000032853335
1127,ERRO,61.200,0.44,15992.800006642938
1128,ERRO,57.000,0.44,15917.100012302399
1129,ERRO,83.000,0.44,15841.000014916062
1130,ERRO,56.600,0.44,15915.900003165007
1131,ERRO,79.300,0.44,15895.300020929426
1132,ERRO,56.900,0.44,15929.599991068244
1133,ERRO,63.400,0.44,15898.299985565245
1134,ERRO,58.700,0.44,15893.800009507686
1135,ERRO,64.600,0.44,15897.199977189302
1136,ERRO,50.300,0.44,15900.099999271333
1137,ERRO,37.400,0.44,15956.200018990785
1138,ERRO,46.600,0.44,15917.400014586747
1139,ERRO,40.500,0.44,15955.50001366064
1140,ERRO,51.800,0.44,15911.800030153245
1141,ERRO,51.700,0.44,15920.299978461117
1142,ERRO,51.400,0.44,15926.899970509112
1143,ERRO,67.300,0.44,15881.899977102876
1144,ERRO,45.600,0.44,15966.000035405159
1145,ERRO,77.800,0.44,15778.300003148615
1146,ERRO,75.400,0.44,15920.499979984015
1147,ERRO,53.600,0.44,15871.300012804568
1148,ERRO,52.900,0.44,15998.50005004555
1149,ERRO,62.000,0.44,15829.599986318499
1150,ERRO,73.100,0.44,15904.399973805994
1151,ERRO,74.200,0.44,15926.700027193874
1152,ERRO,68.200,0.44,15874.600037932396
1153,ERRO,74.700,0.44,15889.599977526814
1154,ERRO,66.100,0.44,15921.000041998923
1155,ERRO,55.200,0.44,15944.299986585975
1156,ERRO,82.300,0.44,15866.699977777898
1157,ERRO,80.400,0.44,15825.900016352534
1158,ERRO,80.100,0.44,15963.499958161265
1159,ERRO,66.000,0.44,15884.499996900558
1160,ERRO,66.800,0.44,15893.800009507686
1161,ERRO,65.500,0.44,15829.199983272702
1162,ERRO,63.400,0.44,15960.099990479648
1163,ERRO,62.600,0.44,15909.100009594113
1164,ERRO,64.600,0.44,15843.500033952296
1165,ERRO,62.900,0.44,15864.500019233674
1166,ERRO,58.900,0.44,15984.199999365956
1167,ERRO,58.000,0.44,15921.39998683706
1168,ERRO,62.000,0.44,15904.99997837469
1169,ERRO,75.200,0.44,15870.300005190074
1170,ERRO,76.500,0.44,15912.300033960491
1171,ERRO,66.900,0.44,15900.60000307858
1172,ERRO,61.400,0.44,15859.700040891767
1173,ERRO,88.900,0.44,15857.60002490133
1174,ERRO,63.700,0.44,15864.599961787462
1175,ERRO,58.000,0.44,15944.299986585975
1176,ERRO,60.000,0.44,15912.200033199042
1177,ERRO,61.400,0.44,15882.099978625774
1178,ERRO,74.300,0.44,15921.39998683706
1179,ERRO,64.100,0.44,15889.800037257373
1180,ERRO,60.900,0.44,15897.100034635514
1181,ERRO,59.100,0.44,15908.10000197962
1182,ERRO,54.200,0.44,15911.200025584549
1183,ERRO,55.100,0.44,15868.099988438189
1184,ERRO,79.600,0.44,15947.100007906556
1185,ERRO,60.700,0.44,15784.699993673712
1186,ERRO,93.300,0.44,15950.600034557283
1187,ERRO,85.900,0.44,15911.999973468482
1188,ERRO,56.900,0.44,15888.399968389422
1189,ERRO,58.900,0.44,15858.399972785264
1190,ERRO,57.000,0.44,15873.699972871691
1191,ERRO,64.300,0.44,15988.00002830103
1192,ERRO,64.000,0.44,15904.299973044544
1193,ERRO,96.300,0.44,15791.599988006055
1194,ERRO,68.100,0.44,15961.500001139939
1195,ERRO,62.600,0.44,15897.999983280897
1196,ERRO,69.800,0.44,15838.999999687076
1197,ERRO,55.200,0.44,15922.79999749735
1198,ERRO,82.000,0.44,15753.699990455061
1199,ERRO,54.700,0.44,15963.500016368926
1200,ERRO,71.100,0.44,15788.300021085888
1201,ERRO,83.000,0.44,15900.200000032783
1202,ERRO,52.700,0.44,15873.79997363314
1203,ERRO,63.900,0.44,15952.799993101507
1204,ERRO,71.500,0.44,15811.59996567294
1205,ERRO,106.500,0.44,15930.699999444187
1206,ERRO,74.800,0.44,15865.999972447753
1207,ERRO,58.800,0.44,15925.400017295033
1208,ERRO,69.400,0.44,15854.900004342198
1209,ERRO,213.900,0.44,15721.50003630668
1210,ERRO,64.200,0.44,15893.700008746237
1211,ERRO,72.600,0.44,15906.39998903498
1212,ERRO,70.500,0.44,15826.199960429221
1213,ERRO,53.100,0.44,16020.099981687963
1214,ERRO,67.700,0.44,15871.200012043118
1215,ERRO,52.000,0.44,15897.60003844276
1216,ERRO,50.900,0.44,15890.600043348968
1217,ERRO,50.300,0.44,15951.10003836453
1218,ERRO,51.000,0.44,15949.40002541989
1219,ERRO,57.200,0.44,15915.599942672998
1220,ERRO,65.400,0.44,15809.800010174513
1221,ERRO,52.700,0.44,16000.500007066876
1222,ERRO,62.900,0.44,15874.800039455295
1223,ERRO,54.200,0.44,15935.099974740297
1224,ERRO,61.600,0.44,15798.099979292601
1225,ERRO,58.600,0.44,15989.999985322356
1226,ERRO,47.200,0.44,15931.000001728535
1227,ERRO,62.700,0.44,15911.200025584549
1228,ERRO,54.500,0.44,15848.80001610145
1229,ERRO,87.600,0.44,15945.699997246265
1230,ERRO,66.700,0.44,15885.799948591739
1231,ERRO,100.400,0.44,15873.100026510656
1232,ERRO,65.200,0.44,15910.500020254403
1233,ERRO,71.100,0.44,15890.20004030317
1234,ERRO,69.500,0.44,15889.199974481016
1235,ERRO,68.200,0.44,15887.500019744039
1236,ERRO,82.700,0.44,15910.199959762394
1237,ERRO,79.500,0.44,15874.0000333637
1238,ERRO,82.400,0.44,15868.699993006885
1239,ERRO,79.300,0.44,15889.299975242466
1240,ERRO,66.300,0.44,15895.100019406527
1241,ERRO,68.500,0.44,15879.69996035099
1242,ERRO,91.800,0.44,15843.799978028983
1243,ERRO,65.100,0.44,15890.800044871867
1244,ERRO,61.800,0.44,15921.900048851967
1245,ERRO,75.900,0.44,15833.400015253574
1246,ERRO,86.300,0.44,15867.399983108044
1247,ERRO,70.000,0.44,15971.80002136156
1248,ERRO,70.600,0.44,15734.60001964122
1249,ERRO,59.100,0.44,15895.300020929426
1250,ERRO,47.500,0.44,16030.600003432482
1251,ERRO,154.600,0.44,15714.599983766675
1252,ERRO,78.600,0.44,15927.20003100112
1253,ERRO,50.200,0.44,15927.100030239671
1254,ERRO,65.200,0.44,15908.600005786866
1255,ERRO,45.200,0.44,15895.299962721765
1256,ERRO,66.800,0.44,15890.999988187104
1257,ERRO,72.000,0.44,15919.999976176769
1258,ERRO,158.600,0.44,15734.699962195009
1259,ERRO,91.500,0.44,15867.599984630942
1260,ERRO,56.500,0.44,15917.00001154095
1261,ERRO,52.300,0.44,15918.700024485588
1262,ERRO,49.600,0.44,15931.000001728535
1263,ERRO,58.100,0.44,15906.70004952699
1264,ERRO,52.100,0.44,15864.200016949326
1265,ERRO,76.800,0.44,15868.599992245436
1266,ERRO,116.800,0.44,15837.699989788234
1267,ERRO,112.100,0.44,15895.800024736673
1268,ERRO,106.900,0.44,15792.700054589659
1269,ERRO,101.900,0.44,15815.899998415262
1270,ERRO,102.900,0.44,15863.000007811934
1271,ERRO,108.200,0.44,15878.000005614012
1272,ERRO,105.000,0.44,15775.299980305135
1273,ERRO,103.800,0.44,15835.899976082146
1274,ERRO,99.000,0.44,15854.60000205785
1275,ERRO,99.000,0.44,15814.299986232072
1276,ERRO,96.800,0.44,15875.699988100678
1277,ERRO,93.900,0.44,15845.69999249652
1278,ERRO,93.800,0.44,15873.300028033555
1279,ERRO,100.200,0.44,15828.700037673116
1280,ERRO,105.300,0.44,15855.500008910894
1281,ERRO,111.100,0.44,15835.100028198212
1282,ERRO,125.000,0.44,15843.799978028983
1283,ERRO,99.000,0.44,15792.199992574751
1284,ERRO,94.900,0.44,15844.999987166375
1285,ERRO,98.600,0.44,15862.600004766136
1286,ERRO,93.100,0.44,15856.599959079176
1287,ERRO,94.900,0.44,15832.900011446327
1288,ERRO,89.500,0.44,15884.799999184906
1289,ERRO,77.500,0.44,15871.400013566017
1290,ERRO,98.100,0.44,15878.40000865981
1291,ERRO,93.600,0.44,15911.1000248231
1292,ERRO,169.800,0.44,15812.199970241636
1293,ERRO,99.600,0.44,15694.699948653579
1294,ERRO,102.700,0.44,15836.499980650842
1295,ERRO,49.200,0.44,15869.900002144277
1296,ERRO,48.700,0.44,15929.299988783896
1297,ERRO,47.100,0.44,15923.700004350394
1298,ERRO,50.200,0.44,15966.800041496754
1299,ERRO,50.300,0.44,15858.99997735396
1300,ERRO,58.800,0.44,16025.900025852025
1301,ERRO,56.900,0.44,15787.500014994293
1302,ERRO,73.900,0.44,15989.699983038008
1303,ERRO,170.900,0.44,15669.899992644787
1304,ERRO,74.300,0.44,15921.499987598509
1305,ERRO,84.900,0.44,15914.399991743267
1306,ERRO,83.400,0.44,15790.599980391562
1307,ERRO,90.100,0.44,15793.200000189245
1308,ERRO,61.900,0.44,15980.699972715229
1309,ERRO,64.400,0.44,15885.100001469254
1310,ERRO,65.900,0.44,15889.399976003915
1311,ERRO,70.100,0.44,15937.099989969283
1312,ERRO,67.200,0.44,15873.79997363314
1313,ERRO,55.400,0.44,15952.999994624406
1314,ERRO,71.100,0.44,15901.599952485412
1315,ERRO,74.100,0.44,15817.50001059845
1316,ERRO,92.200,0.44,15893.400006461889
1317,ERRO,71.100,0.44,15874.099975917488
1318,ERRO,64.100,0.44,15860.200044699013
1319,ERRO,66.400,0.44,15889.100031927228
1320,ERRO,59.200,0.44,15932.600013911724
1321,ERRO,47.600,0.44,16165.499982889742
1322,ERRO,55.400,0.44,15929.599991068244
1323,ERRO,55.700,0.44,15691.899985540658
1324,ERRO,62.600,0.44,16094.400023575872
1325,ERRO,61.800,0.44,15759.999980218709
1326,ERRO,60.100,0.44,16078.100015874952
1327,ERRO,64.700,0.44,15695.200010668486
1328,ERRO,61.600,0.44,15984.700003173202
1329,ERRO,72.000,0.44,15814.69998927787
1330,ERRO,77.800,0.44,15792.699996381998
1331,ERRO,72.000,0.44,16392.30002183467
1332,ERRO,85.100,0.44,15940.70001738146
1333,ERRO,100.600,0.44,15665.10001430288
1334,ERRO,135.200,0.44,15536.09996335581
1335,ERRO,180.400,0.44,15695.400012191385
1336,ERRO,80.200,0.44,15998.099988792092
1337,ERRO,167.600,0.44,15579.400002025068
1338,ERRO,79.100,0.44,15739.499998744577
1339,ERRO,77.600,0.44,16038.000001572073
1340,ERRO,133.800,0.44,15682.300028856844
1341,ERRO,48.500,0.44,15912.899980321527
1342,ERRO,81.900,0.44,15983.39999327436
1343,ERRO,166.700,0.44,15731.199993751943
1344,ERRO,58.900,0.44,15841.30001720041
1345,ERRO,54.600,0.44,15912.899980321527
1346,ERRO,57.300,0.44,15897.299977950752
1347,ERRO,58.000,0.44,15962.200006470084
1348,ERRO,68.500,0.44,15882.499981671572
1349,ERRO,70.400,0.44,15910.200017970055
1350,ERRO,68.700,0.44,15907.90000045672
1351,ERRO,64.400,0.44,15892.499999608845
1352,ERRO,59.700,0.44,15887.999965343624
1353,ERRO,65.900,0.44,15889.400034211576
1354,ERRO,74.700,0.44,15899.899997748435
1355,ERRO,66.700,0.44,15889.200032688677
1356,ERRO,86.500,0.44,15913.499984890223
1357,ERRO,60.800,0.44,15916.500007733703
1358,ERRO,61.900,0.44,15877.099998760968
1359,ERRO,51.400,0.44,15938.199998345226
1360,ERRO,80.000,0.44,15875.29998505488
1361,ERRO,70.800,0.44,15808.299998752773
1362,ERRO,82.200,0.44,16008.999955374748
1363,ERRO,67.800,0.44,15820.999979041517
1364,ERRO,57.600,0.44,15956.000017467886
1365,ERRO,64.800,0.44,15894.399955868721
1366,ERRO,58.700,0.44,15881.599974818528
1367,ERRO,72.500,0.44,15866.200032178313
1368,ERRO,57.300,0.44,15954.200003761798
1369,ERRO,53.000,0.44,15927.899978123605
1370,ERRO,61.300,0.44,15856.600017286837
1371,ERRO,64.600,0.44,15913.100040052086
1372,ERRO,87.400,0.44,15845.999994780868
1373,ERRO,60.400,0.44,15897.200035396963
1374,ERRO,53.800,0.44,15982.799988705665
1375,ERRO,71.200,0.44,15892.199997324497
1376,ERRO,66.000,0.44,15855.000005103648
1377,ERRO,73.200,0.44,15850.20002676174
1378,ERRO,58.700,0.44,16052.999999374151
1379,ERRO,64.100,0.44,15878.900012467057
1380,ERRO,66.800,0.44,15939.899953082204
1381,ERRO,66.100,0.44,15804.0999667719
1382,ERRO,63.100,0.44,15912.599978037179
1383,ERRO,51.500,0.44,15926.699968986213
1384,ERRO,47.900,0.44,15917.199954856187
1385,ERRO,70.000,0.44,15850.600029807538
1386,ERRO,72.400,0.44,15975.499991327524
1387,ERRO,78.600,0.44,15848.900016862899
1388,ERRO,67.700,0.44,15920.999983791262
1389,ERRO,61.100,0.44,15770.09999891743
1390,ERRO,49.300,0.44,16011.199972126633
1391,ERRO,65.300,0.44,15932.300011627376
1392,ERRO,71.300,0.44,15833.400015253574
1393,ERRO,70.100,0.44,15796.000021509826
1394,ERRO,45.800,0.44,15935.399977024645
1395,ERRO,47.800,0.44,15903.299965430051
1396,ERRO,51.000,0.44,15922.6999967359
1397,ERRO,58.300,0.44,15895.799966529012
1398,ERRO,74.000,0.44,15939.20000595972
1399,ERRO,98.400,0.44,15798.000036738813
1400,ERRO,67.400,0.44,15896.400029305369
1401,ERRO,72.500,0.44,15754.099993500859
1402,ERRO,100.100,0.44,15883.199987001717
1403,ERRO,73.500,0.44,15881.50003226474
1404,ERRO,82.500,0.44,15862.200001720339
1405,ERRO,98.700,0.44,15867.499983869493
1406,ERRO,72.500,0.44,15916.600008495152
1407,ERRO,65.800,0.44,15893.500007223338
1408,ERRO,66.800,0.44,15869.099996052682
1409,ERRO,92.300,0.44,15844.999987166375
1410,ERRO,64.800,0.44,15934.000024572015
1411,ERRO,68.000,0.44,15902.20001526177
1412,ERRO,68.200,0.44,15897.299977950752
1413,ERRO,65.700,0.44,15890.899987425655
1414,ERRO,67.500,0.44,15899.499994702637
1415,ERRO,81.100,0.44,15880.799968726933
1416,ERRO,79.000,0.44,15844.900044612586
1417,ERRO,65.500,0.44,15881.100029218942
1418,ERRO,59.900,0.44,15906.199987512082
1419,ERRO,77.900,0.44,15899.599995464087
1420,ERRO,65.900,0.44,15959.000040311366
1421,ERRO,62.800,0.44,15846.199996303767
1422,ERRO,69.800,0.44,15908.600005786866
1423,ERRO,102.100,0.44,15840.699954424053
1424,ERRO,94.400,0.44,15828.899980988353
1425,ERRO,60.200,0.44,15878.600010182709
1426,ERRO,61.600,0.44,15924.30000891909
1427,ERRO,76.100,0.44,15872.100018896163
1428,ERRO,50.500,0.44,15897.69998099655
1429,ERRO,62.900,0.44,15898.099984042346
1430,ERRO,63.100,0.44,15986.49995867163
1431,ERRO,79.200,0.44,15874.200034886599
1432,ERRO,65.000,0.44,15926.800027955323
1433,ERRO,65.600,0.44,15879.8000193201
1434,ERRO,63.800,0.44,15918.700024485588
1435,ERRO,71.400,0.44,15875.40004402399
1436,ERRO,68.100,0.44,15912.300033960491
1437,ERRO,71.300,0.44,15886.500012129545
1438,ERRO,71.200,0.44,15882.499981671572
1439,ERRO,70.500,0.44,15843.399974983186
1440,ERRO,108.500,0.44,15834.899968467653
1441,ERRO,84.500,0.44,15931.100002489984
1442,ERRO,79.800,0.44,15843.999979551882
1443,ERRO,135.500,0.44,15722.199983429164
1444,ERRO,70.800,0.44,15964.30002246052
1445,ERRO,63.600,0.44,15943.999984301627
1446,ERRO,91.400,0.44,15838.39999511838
1447,ERRO,126.200,0.44,15788.299962878227
1448,ERRO,67.300,0.44,15775.099978782237
1449,ERRO,61.100,0.44,15974.900044966489
1450,ERRO,61.200,0.44,15932.400012388825
1451,ERRO,68.200,0.44,15871.300012804568
1452,ERRO,63.700,0.44,15851.499978452921
1453,ERRO,88.200,0.44,15888.799971435219
1454,ERRO,67.600,0.44,15894.200012553483
1455,ERRO,72.100,0.44,15862.900007050484
1456,ERRO,71.700,0.44,15915.099997073412
1457,ERRO,77.600,0.44,15909.40001187846
1458,ERRO,64.700,0.44,15926.099964417517
1459,ERRO,59.800,0.44,15886.499953921884
1460,ERRO,61.800,0.44,15851.80003894493
1461,ERRO,61.600,0.44,15937.899996060878
1462,ERRO,66.400,0.44,15874.299977440387
1463,ERRO,64.400,0.44,15909.200010355562
1464,ERRO,71.200,0.44,15900.200000032783
1465,ERRO,61.700,0.44,15906.999993603677
1466,ERRO,66.500,0.44,15897.999983280897
1467,ERRO,65.200,0.44,15881.399973295629
1468,ERRO,52.900,0.44,15955.800015944988
1469,ERRO,67.900,0.44,15880.200022365898
1470,ERRO,55.000,0.44,15905.499982181937
1471,ERRO,69.500,0.44,15905.00003658235
1472,ERRO,86.000,0.44,15865.500026848167
1473,ERRO,69.400,0.44,15953.699999954551
1474,ERRO,62.800,0.44,15865.899971686304
1475,ERRO,53.300,0.44,15942.799975164235
1476,ERRO,61.700,0.44,15892.600000370294
1477,ERRO,67.700,0.44,15875.899989623576
1478,ERRO,57.000,0.44,15934.59997093305
1479,ERRO,64.700,0.44,15894.000011030585
1480,ERRO,72.400,0.44,15912.300033960491
1481,ERRO,65.700,0.44,15909.499954432249
1482,ERRO,89.300,0.44,15845.499990973622
1483,ERRO,85.400,0.44,15847.20000391826
1484,ERRO,142.900,0.44,15832.700009923428
1485,ERRO,70.300,0.44,15866.499976255
1486,ERRO,59.100,0.44,15919.299970846623
1487,ERRO,66.300,0.44,15880.799968726933
1488,ERRO,63.600,0.44,15905.199979897588
1489,ERRO,66.200,0.44,15849.099960178137
1490,ERRO,81.400,0.44,15922.099992167205
1491,ERRO,57.800,0.44,15906.799992080778
1492,ERRO,63.500,0.44,15907.000051811337
1493,ERRO,124.200,0.44,15763.600007630885
1494,ERRO,77.800,0.44,15930.800000205636
1495,ERRO,62.500,0.44,15864.699962548912
1496,ERRO,66.000,0.44,15875.900047831237
1497,ERRO,78.200,0.44,15922.8999982588
1498,ERRO,72.300,0.44,15885.400003753603
1499,ERRO,69.800,0.44,15903.50002516061
1500,ERRO,85.500,0.44,15881.499974057078
1501,ERRO,65.100,0.44,15824.600006453693
1502,ERRO,64.200,0.44,16155.29996342957
1503,ERRO,180.800,0.44,15400.900039821863
1504,ERRO,82.900,0.44,15923.500002827495
1505,ERRO,67.300,0.44,15886.799956206232
1506,ERRO,67.600,0.44,15865.699970163405
1507,ERRO,96.100,0.44,15848.099952563643
1508,ERRO,85.400,0.44,15917.800017632544
1509,ERRO,70.000,0.44,15891.999995801598
1510,ERRO,80.800,0.44,15789.999975822866
1511,ERRO,86.100,0.44,15912.999981082976
1512,ERRO,82.200,0.44,15847.30000467971
1513,ERRO,101.300,0.44,15880.800026934594
1514,ERRO,71.500,0.44,15917.700016871095
1515,ERRO,79.500,0.44,15787.699958309531
1516,ERRO,88.000,0.44,15818.400017451495
1517,ERRO,97.200,0.44,15859.10003632307
1518,ERRO,100.300,0.44,15836.89998369664
1519,ERRO,74.800,0.44,15867.000038269907
1520,ERRO,98.400,0.44,15852.399985305965
1521,ERRO,92.500,0.44,15852.599986828864
1522,ERRO,94.500,0.44,15842.100023292005
1523,ERRO,92.700,0.44,15862.400003243238
1524,ERRO,87.300,0.44,15870.500006712973
1525,ERRO,84.800,0.44,15868.199989199638
1526,ERRO,73.400,0.44,15916.300006210804
1527,ERRO,111.200,0.44,15820.699976757169
1528,ERRO,107.600,0.44,15847.800008486956
1529,ERRO,91.900,0.44,15844.899986404926
1530,ERRO,89.900,0.44,15813.799982424825
1531,ERRO,93.500,0.44,15864.600019995123
1532,ERRO,94.700,0.44,15827.300027012825
1533,ERRO,53.400,0.44,15964.899968821555
1534,ERRO,88.900,0.44,15844.999987166375
1535,ERRO,100.700,0.44,15887.600020505488
1536,ERRO,168.600,0.44,15796.700026839972
1537,ERRO,198.900,0.44,15460.299968253821
1538,ERRO,73.100,0.44,15795.499959494919
1539,ERRO,48.300,0.44,15942.499972879887
1540,ERRO,43.200,0.44,15954.0000022389
1541,ERRO,47.200,0.44,15957.800031173974
1542,ERRO,56.200,0.44,15932.900016196072
1543,ERRO,50.200,0.44,15915.600000880659
1544,ERRO,49.400,0.44,15934.000024572015
1545,ERRO,51.100,0.44,15926.200023386627
1546,ERRO,147.000,0.44,15711.00001456216
1547,ERRO,58.300,0.44,15914.299990981817
1548,ERRO,66.900,0.44,15878.600010182709
1549,ERRO,62.600,0.44,15974.299982190132
1550,ERRO,80.900,0.44,15890.999988187104
1551,ERRO,83.000,0.44,15876.600053161383
1552,ERRO,88.100,0.44,15829.799987841398
1553,ERRO,130.600,0.44,15756.399952806532
1554,ERRO,102.100,0.44,15908.200002741069
1555,ERRO,91.900,0.44,15865.700028371066
1556,ERRO,71.800,0.44,15830.89999621734
1557,ERRO,66.700,0.44,15898.799989372492
1558,ERRO,84.900,0.44,15906.400047242641
1559,ERRO,72.500,0.44,15860.4999887757
1560,ERRO,89.500,0.44,15859.499981161207
1561,ERRO,82.900,0.44,15935.699979308993
1562,ERRO,71.000,0.44,15830.599993932992
1563,ERRO,68.200,0.44,15930.800000205636
1564,ERRO,61.800,0.44,15895.699965767562
1565,ERRO,64.300,0.44,15877.099998760968
1566,ERRO,87.000,0.44,15795.099956449121
1567,ERRO,53.800,0.44,16093.20001443848
1568,ERRO,61.200,0.44,15820.39997447282
1569,ERRO,61.600,0.44,15958.50003650412
1570,ERRO,139.400,0.44,15761.999995447695
1571,ERRO,74.000,0.44,15962.200006470084
1572,ERRO,90.300,0.44,16011.399973649532
1573,ERRO,105.700,0.44,15669.799991883337
1574,ERRO,102.900,0.44,15729.599981568754
1575,ERRO,58.000,0.44,16251.299995929003
1576,ERRO,76.700,0.44,15588.1000100635
1577,ERRO,61.700,0.44,15899.000049103051
1578,ERRO,64.200,0.44,15922.499995213002
1579,ERRO,53.200,0.44,15920.299978461117
1580,ERRO,65.600,0.44,16000.200004782528
1581,ERRO,81.700,0.44,16138.800012413412
1582,ERRO,67.400,0.44,15560.100029688329
1583,ERRO,60.000,0.44,16281.499993056059
1584,ERRO,78.700,0.44,15746.899996884167
1585,ERRO,93.800,0.44,15964.899968821555
1586,ERRO,119.800,0.44,15569.699986372143
1587,ERRO,117.700,0.44,16085.90001706034
1588,ERRO,140.500,0.44,15860.399988014251
1589,ERRO,301.300,0.44,15431.699983309954
1590,ERRO,174.600,0.44,15141.299983952194
1591,ERRO,145.000,0.44,15693.299996200949
1592,ERRO,139.500,0.44,15652.600035537034
1593,ERRO,143.300,0.44,15881.899977102876
1594,ERRO,150.300,0.44,15866.799978539348
1595,ERRO,141.700,0.44,15538.399980869144
1596,ERRO,106.800,0.44,15869.599999859929
1597,ERRO,67.700,0.44,15937.999996822327
1598,ERRO,123.200,0.44,15653.20004010573
1599,ERRO,58.800,0.44,15986.699960194528
1600,ERRO,50.400,0.44,15896.499971859157
1601,ERRO,63.100,0.44,15820.49997523427
1602,ERRO,67.500,0.44,16110.89997459203
1603,ERRO,84.300,0.44,15669.999993406236
1604,ERRO,67.200,0.44,15917.899960186332
1605,ERRO,61.800,0.44,15869.700000621378
1606,ERRO,65.700,0.44,15929.600049275905
1607,ERRO,54.900,0.44,15946.50000333786
1608,ERRO,79.400,0.44,15794.499951880425
1609,ERRO,90.800,0.44,15881.999977864325
1610,ERRO,62.900,0.44,15919.700032100081
1611,ERRO,45.200,0.44,15890.20004030317
1612,ERRO,48.000,0.44,15988.199971616268
1613,ERRO,57.500,0.44,15929.899993352592
1614,ERRO,68.200,0.44,15863.39995265007
1615,ERRO,70.000,0.44,15944.699989631772
1616,ERRO,74.100,0.44,15871.10001128167
1617,ERRO,69.800,0.44,15815.299993846565
1618,ERRO,56.600,0.44,15889.800037257373
1619,ERRO,40.700,0.44,15943.59998125583
1620,ERRO,46.200,0.44,15983.899997081608
1621,ERRO,47.900,0.44,15861.199994105846
1622,ERRO,53.700,0.44,15943.60003946349
1623,ERRO,64.700,0.44,15904.99997837469
1624,ERRO,62.900,0.44,15918.899967800826
1625,ERRO,52.500,0.44,15908.600005786866
1626,ERRO,48.500,0.44,15932.100010104477
1627,ERRO,51.800,0.44,15905.600041151047
1628,ERRO,48.000,0.44,15957.999974489212
1629,ERRO,57.800,0.44,15908.300003502518
1630,ERRO,63.300,0.44,15910.100017208606
1631,ERRO,65.900,0.44,15992.40000359714
1632,ERRO,81.600,0.44,15798.2999808155
1633,ERRO,85.700,0.44,15831.299999263138
1634,ERRO,73.700,0.44,15867.000038269907
1635,ERRO,111.500,0.44,15761.399990879
1636,ERRO,58.000,0.44,15900.200000032783
1637,ERRO,48.300,0.44,16076.400002930313
1638,ERRO,121.200,0.44,15690.800035372376
1639,ERRO,82.300,0.44,15917.999960947782
1640,ERRO,64.700,0.44,15904.700034298003
1641,ERRO,87.400,0.44,15868.999995291233
1642,ERRO,65.700,0.44,15914.499992504716
1643,ERRO,69.400,0.44,15900.70000384003
1644,ERRO,70.800,0.44,15767.499979119748
1645,ERRO,57.800,0.44,15999.299997929484
1646,ERRO,60.700,0.44,15851.400035899132
1647,ERRO,62.700,0.44,15964.40002322197
1648,ERRO,75.400,0.44,15818.000014405698
1649,ERRO,112.400,0.44,15890.09998133406
1650,ERRO,66.600,0.44,15915.29999859631
1651,ERRO,47.900,0.44,15826.60002168268
1652,ERRO,64.900,0.44,15942.499972879887
1653,ERRO,59.200,0.44,15887.20001745969
1654,ERRO,56.200,0.44,15956.400020513684
1655,ERRO,63.900,0.44,15928.000037092716
1656,ERRO,69.000,0.44,15830.599993932992
1657,ERRO,54.300,0.44,15915.099997073412
1658,ERRO,53.000,0.44,15924.30000891909
1659,ERRO,47.500,0.44,15900.70000384003
1660,ERRO,70.200,0.44,15939.600009005517
1661,ERRO,65.400,0.44,15906.70004952699
1662,ERRO,59.400,0.44,15910.100017208606
1663,ERRO,64.900,0.44,15921.699989121407
1664,ERRO,73.800,0.44,15866.799978539348
1665,ERRO,66.700,0.44,15918.899967800826
1666,ERRO,67.700,0.44,15890.899987425655
1667,ERRO,66.100,0.44,15830.499993171543
1668,ERRO,60.700,0.44,15942.800033371896
1669,ERRO,59.100,0.44,15834.899968467653
1670,ERRO,55.000,0.44,15983.39999327436
1671,ERRO,59.200,0.44,15884.29999537766
1672,ERRO,66.600,0.44,15929.799992591143
1673,ERRO,90.000,0.44,15842.100023292005
1674,ERRO,90.300,0.44,15880.799968726933
1675,ERRO,77.900,0.44,15836.800041142851
1676,ERRO,95.300,0.44,15911.300026345998
1677,ERRO,68.700,0.44,15801.600005943328
1678,ERRO,89.600,0.44,15983.699995558709
1679,ERRO,158.600,0.44,15681.599965319037
1680,ERRO,95.300,0.44,15848.200011532754
1681,ERRO,59.300,0.44,15932.100010104477
1682,ERRO,60.600,0.44,15966.899984050542
1683,ERRO,60.700,0.44,15794.00000628084
1684,ERRO,86.300,0.44,15905.800042673945
1685,ERRO,88.900,0.44,15942.899975925684
1686,ERRO,94.900,0.44,15801.800007466227
1687,ERRO,70.100,0.44,15903.70002668351
1688,ERRO,96.900,0.44,15881.699975579977
1689,ERRO,81.300,0.44,15855.100005865097
1690,ERRO,64.500,0.44,15882.600040640682
1691,ERRO,85.200,0.44,15872.899966780096
1692,ERRO,70.600,0.44,15849.400020670146
1693,ERRO,76.100,0.44,16015.200002584606
1694,ERRO,103.600,0.44,15581.600018776953
1695,ERRO,56.600,0.44,15911.499969661236
1696,ERRO,64.700,0.44,16011.999978218228
1697,ERRO,151.900,0.44,15794.400009326637
1698,ERRO,64.200,0.44,15874.599979724735
1699,ERRO,66.400,0.44,15788.499964401126
1700,ERRO,52.000,0.44,15983.59999479726
1701,ERRO,57.800,0.44,15849.399962462485
1702,ERRO,71.100,0.44,15938.299999106675
1703,ERRO,63.100,0.44,15854.800003580749
1704,ERRO,55.700,0.44,15922.500053420663
1705,ERRO,70.400,0.44,15961.600001901388
1706,ERRO,64.400,0.44,15868.899994529784
1707,ERRO,63.000,0.44,15870.400005951524
1708,ERRO,65.100,0.44,15939.499950036407
1709,ERRO,96.300,0.44,15853.299992159009
1710,ERRO,64.900,0.44,15881.699975579977
1711,ERRO,75.700,0.44,15893.10000417754
1712,ERRO,63.900,0.44,15916.000003926456
1713,ERRO,64.100,0.44,15896.700031589717
1714,ERRO,63.700,0.44,15909.100009594113
1715,ERRO,62.400,0.44,15906.400047242641
1716,ERRO,70.400,0.44,15895.199961960316
1717,ERRO,77.800,0.44,15881.099971011281
1718,ERRO,64.500,0.44,15914.999996311963
1719,ERRO,67.700,0.44,15888.899972196668
1720,ERRO,57.600,0.44,15913.099981844425
1721,ERRO,57.200,0.44,15926.899970509112
1722,ERRO,60.500,0.44,15895.100019406527
1723,ERRO,61.100,0.44,15929.499990306795
1724,ERRO,69.700,0.44,15871.400013566017
1725,ERRO,51.500,0.44,15916.200005449355
1726,ERRO,67.800,0.44,15898.400044534355
1727,ERRO,68.200,0.44,15872.300020419061
1728,ERRO,67.500,0.44,15911.800030153245
1729,ERRO,66.500,0.44,15892.900002654642
1730,ERRO,78.700,0.44,15877.700003329664
1731,ERRO,68.000,0.44,15909.300011117011
1732,ERRO,64.300,0.44,15846.099995542318
1733,ERRO,169.500,0.44,15708.499995525926
1734,ERRO,52.800,0.44,15928.70004242286
1735,ERRO,57.800,0.44,15982.499986421317
1736,ERRO,50.300,0.44,15917.600016109645
1737,ERRO,88.800,0.44,15805.300034116954
1738,ERRO,58.300,0.44,15913.79998717457
1739,ERRO,120.900,0.44,15806.099982000887
1740,ERRO,61.500,0.44,15896.599972620606
1741,ERRO,58.400,0.44,15866.499976255
1742,ERRO,63.100,0.44,15886.200009845197
1743,ERRO,50.200,0.44,15917.099954094738
1744,ERRO,46.900,0.44,15938.600001391023
1745,ERRO,52.600,0.44,15916.200005449355
1746,ERRO,53.700,0.44,15980.699972715229
1747,ERRO,173.700,0.44,15720.099967438728
1748,ERRO,64.900,0.44,15889.799979049712
1749,ERRO,68.200,0.44,15939.300006721169
1750,ERRO,70.800,0.44,15790.199977345765
1751,ERRO,66.600,0.44,16010.30002348125
1752,ERRO,71.300,0.44,15877.300000283867
1753,ERRO,76.200,0.44,15830.89999621734
1754,ERRO,88.100,0.44,15849.899966269732
1755,ERRO,85.700,0.44,15814.099984709173
1756,ERRO,85.800,0.44,15878.800011705607
1757,ERRO,86.400,0.44,15913.79998717457
1758,ERRO,95.600,0.44,15837.600047234446
1759,ERRO,121.500,0.44,15852.199983783066
1760,ERRO,87.100,0.44,15833.999961614609
1761,ERRO,110.200,0.44,15841.700020246208
1762,ERRO,99.500,0.44,15828.500036150217
1763,ERRO,92.600,0.44,15849.299961701035
1764,ERRO,89.700,0.44,15859.30003784597
1765,ERRO,91.800,0.44,15883.899992331862
1766,ERRO,93.800,0.44,15851.400035899132
1767,ERRO,106.400,0.44,15823.800000362098
1768,ERRO,94.800,0.44,15854.60000205785
1769,ERRO,91.900,0.44,15867.599984630942
1770,ERRO,99.900,0.44,15852.300042752177
1771,ERRO,100.200,0.44,15852.100041229278
1772,ERRO,87.700,0.44,15895.300020929426
1773,ERRO,104.900,0.44,15824.500005692244
1774,ERRO,98.000,0.44,15832.700009923428
1775,ERRO,92.500,0.44,15860.4999887757
1776,ERRO,92.700,0.44,15812.099969480187
1777,ERRO,65.400,0.44,15881.399973295629
1778,ERRO,49.000,0.44,15995.800029486418
1779,ERRO,94.800,0.44,15839.700005017221
1780,ERRO,98.200,0.44,15878.700010944158
1781,ERRO,167.700,0.44,15794.00000628084
1782,ERRO,242.600,0.44,15563.900000415742
1783,ERRO,75.000,0.44,15852.999989874661
1784,ERRO,64.700,0.44,15951.299981679767
1785,ERRO,69.000,0.44,15914.099989458919
1786,ERRO,70.500,0.44,15799.499989952892
1787,ERRO,97.700,0.44,15853.599994443357
1788,ERRO,72.400,0.44,15873.000025749207
1789,ERRO,65.200,0.44,15913.299983367324
1790,ERRO,75.400,0.44,15948.10001552105
1791,ERRO,68.000,0.44,15889.500034973025
1792,ERRO,61.300,0.44,15922.6999967359
1793,ERRO,68.900,0.44,15776.09998639673
1794,ERRO,78.600,0.44,15961.700002662838
1795,ERRO,155.100,0.44,15726.100013125688
1796,ERRO,70.000,0.44,15895.99996805191
1797,ERRO,57.900,0.44,15934.399969410151
1798,ERRO,64.700,0.44,15943.299978971481
1799,ERRO,78.400,0.44,15885.70000603795
1800,ERRO,67.000,0.44,15878.000005614012
1801,ERRO,74.600,0.44,15749.29995695129
1802,ERRO,164.700,0.44,15695.799957029521
1803,ERRO,115.400,0.44,15868.499991483986
1804,ERRO,68.300,0.44,15838.699997402728
1805,ERRO,64.200,0.44,15980.400028638542
1806,ERRO,62.300,0.44,15877.699945122004
1807,ERRO,56.900,0.44,15940.100012812763
1808,ERRO,69.400,0.44,15832.799952477217
1809,ERRO,64.200,0.44,15855.299949180335
1810,ERRO,68.500,0.44,15998.899994883686
1811,ERRO,72.900,0.44,15815.899998415262
1812,ERRO,57.300,0.44,15935.599978547543
1813,ERRO,82.800,0.44,15887.100016698241
1814,ERRO,77.000,0.44,15817.400009837002
1815,ERRO,95.200,0.44,15872.300020419061
1816,ERRO,67.000,0.44,16090.499993879348
1817,ERRO,47.700,0.44,15756.90001482144
1818,ERRO,38.400,0.44,15962.200006470084
1819,ERRO,50.600,0.44,16184.000007342547
1820,ERRO,80.300,0.44,15612.300019711256
1821,ERRO,63.600,0.44,15924.000006634742
1822,ERRO,54.900,0.44,16110.500029753894
1823,ERRO,51.600,0.44,15941.99996907264
1824,ERRO,62.200,0.44,16019.699978642166
1825,ERRO,85.300,0.44,15858.899976592511
1826,ERRO,66.600,0.44,15962.300007231534
1827,ERRO,86.900,0.44,15785.499999765307
1828,ERRO,134.400,0.44,15661.699988413602
1829,ERRO,119.700,0.44,15706.000034697354
1830,ERRO,91.100,0.44,15913.79998717457
1831,ERRO,133.800,0.44,15761.29999011755
1832,ERRO,146.200,0.44,15693.399996962398
1833,ERRO,70.800,0.44,15792.199992574751
1834,ERRO,61.600,0.44,16028.799989726394
1835,ERRO,50.400,0.44,15903.300023637712
1836,ERRO,75.100,0.44,15906.699991319329
1837,ERRO,58.400,0.44,15868.500049691647
1838,ERRO,64.600,0.44,15887.800022028387
1839,ERRO,78.100,0.44,15903.899969998747
1840,ERRO,101.200,0.44,15912.899980321527
1841,ERRO,79.700,0.44,15848.000010009855
1842,ERRO,61.400,0.44,15901.400009170175
1843,ERRO,62.400,0.44,15915.600000880659
1844,ERRO,67.000,0.44,15850.20002676174
1845,ERRO,87.200,0.44,15868.099988438189
1846,ERRO,69.100,0.44,15943.000034894794
1847,ERRO,70.200,0.44,15855.600009672344
1848,ERRO,69.000,0.44,15847.600006964058
1849,ERRO,88.800,0.44,15924.600011203438
1850,ERRO,55.000,0.44,15891.899995040148
1851,ERRO,50.800,0.44,15916.100004687905
1852,ERRO,61.700,0.44,16132.99996824935
1853,ERRO,63.800,0.44,15643.199963960797
1854,ERRO,59.100,0.44,15856.300015002489
1855,ERRO,37.300,0.44,15956.400020513684
1856,ERRO,71.800,0.44,15858.99997735396
1857,ERRO,70.900,0.44,15930.699999444187
1858,ERRO,99.800,0.44,15880.200022365898
1859,ERRO,53.800,0.44,15911.400027107447
1860,ERRO,65.800,0.44,15918.200020678341
1861,ERRO,64.700,0.44,15955.699956975877
1862,ERRO,73.000,0.44,15858.599974308163
1863,ERRO,65.200,0.44,15870.600007474422
1864,ERRO,75.300,0.44,15909.700014162809
1865,ERRO,85.600,0.44,15902.20001526177
1866,ERRO,104.700,0.44,15860.199986491352
1867,ERRO,106.300,0.44,15849.500021431595
1868,ERRO,75.300,0.44,15881.100029218942
1869,ERRO,82.300,0.44,15915.29999859631
1870,ERRO,92.900,0.44,15865.10002380237
1871,ERRO,77.500,0.44,15854.199999012053
1872,ERRO,90.400,0.44,15882.399980910122
1873,ERRO,67.800,0.44,15914.199990220368
1874,ERRO,72.400,0.44,15868.399990722537
1875,ERRO,63.500,0.44,15839.500003494322
1876,ERRO,63.500,0.44,15954.0000022389
1877,ERRO,61.300,0.44,15858.699975069612
1878,ERRO,87.600,0.44,15869.099996052682
1879,ERRO,74.400,0.44,15957.800031173974
1880,ERRO,68.400,0.44,15809.900010935962
1881,ERRO,51.000,0.44,15914.00004690513
1882,ERRO,47.500,0.44,15982.899989467114
1883,ERRO,76.700,0.44,15932.299953419715
1884,ERRO,68.500,0.44,15864.400018472224
1885,ERRO,59.300,0.44,15888.300025835633
1886,ERRO,63.100,0.44,15912.49997727573
1887,ERRO,67.700,0.44,15778.700006194413
1888,ERRO,61.000,0.44,15908.500005025417
1889,ERRO,50.900,0.44,16027.799982111901
1890,ERRO,48.100,0.44,15885.100001469254
1891,ERRO,49.100,0.44,15842.999971937388
1892,ERRO,51.300,0.44,16006.599995307624
1893,ERRO,64.600,0.44,15873.100026510656
1894,ERRO,60.700,0.44,15937.69999453798
1895,ERRO,78.200,0.44,15830.299991648644
1896,ERRO,78.100,0.44,15978.900017216802
1897,ERRO,73.700,0.44,15873.300028033555
1898,ERRO,72.000,0.44,15856.700018048286
1899,ERRO,67.400,0.44,15895.100019406527
1900,ERRO,59.700,0.44,15874.600037932396
1901,ERRO,65.600,0.44,15803.599962964654
1902,ERRO,80.800,0.44,16042.90003888309
1903,ERRO,94.100,0.44,15768.59998749569
1904,ERRO,69.000,0.44,15902.199957054108
1905,ERRO,65.800,0.44,15841.900021769106
1906,ERRO,83.000,0.44,15930.19999563694
1907,ERRO,64.100,0.44,15890.499984379858
1908,ERRO,72.800,0.44,15817.50001059845
1909,ERRO,83.700,0.44,15887.800022028387
1910,ERRO,55.400,0.44,15962.300007231534
1911,ERRO,59.300,0.44,15857.999969739467
1912,ERRO,89.000,0.44,15857.60002490133
1913,ERRO,90.900,0.44,15884.899999946356
1914,ERRO,90.100,0.44,15844.799985643476
1915,ERRO,69.600,0.44,15863.799955695868
1916,ERRO,60.900,0.44,15876.599994953722
1917,ERRO,59.200,0.44,15917.700016871095
1918,ERRO,63.100,0.44,15919.700032100081
1919,ERRO,73.800,0.44,15881.19997177273
1920,ERRO,57.900,0.44,15947.90001399815
1921,ERRO,62.300,0.44,15853.499993681908
1922,ERRO,61.600,0.44,15875.50004478544
1923,ERRO,62.500,0.44,15971.199958585203
1924,ERRO,64.000,0.44,15862.800006289035
1925,ERRO,66.200,0.44,15888.600028119981
1926,ERRO,70.000,0.44,15892.099996563047
1927,ERRO,67.000,0.44,15940.400015097111
1928,ERRO,68.300,0.44,15816.500002983958
1929,ERRO,68.300,0.44,15987.800026778132
1930,ERRO,68.700,0.44,15868.899994529784
1931,ERRO,58.200,0.44,15921.099984552711
1932,ERRO,68.000,0.44,15879.200014751405
1933,ERRO,148.700,0.44,15738.000045530498
1934,ERRO,62.100,0.44,15930.09999487549
1935,ERRO,66.500,0.44,15941.399964503944
1936,ERRO,80.400,0.44,15886.900015175343
1937,ERRO,69.700,0.44,15808.900003321469
1938,ERRO,112.100,0.44,15831.199998501688
1939,ERRO,82.700,0.44,15881.899977102876
1940,ERRO,56.200,0.44,15845.600049942732
1941,ERRO,63.000,0.44,15955.30001213774
1942,ERRO,59.000,0.44,15847.700007725507
1943,ERRO,86.200,0.44,15986.400016117841
1944,ERRO,71.500,0.44,15805.69997895509
1945,ERRO,58.700,0.44,15921.200043521821
1946,ERRO,79.700,0.44,15877.500001806766
1947,ERRO,59.800,0.44,15956.000017467886
1948,ERRO,59.400,0.44,15914.399991743267
1949,ERRO,73.500,0.44,15907.599998172373
1950,ERRO,78.600,0.44,15810.20001322031
1951,ERRO,83.700,0.44,15950.099972542375
1952,ERRO,65.700,0.44,15836.800041142851
1953,ERRO,63.800,0.44,15963.499958161265
1954,ERRO,63.900,0.44,15775.400039274246
1955,ERRO,91.100,0.44,15955.600014422089
1956,ERRO,76.300,0.44,15917.200013063848
1957,ERRO,68.100,0.44,15894.400014076382
1958,ERRO,71.900,0.44,15905.09997913614
1959,ERRO,69.600,0.44,15833.000012207776
1960,ERRO,84.100,0.44,15911.800030153245
1961,ERRO,67.000,0.44,15894.500014837831
1962,ERRO,56.500,0.44,15936.19998311624
1963,ERRO,77.900,0.44,15875.999990385026
1964,ERRO,70.400,0.44,15927.19997279346
1965,ERRO,65.500,0.44,15888.000023551285
1966,ERRO,58.200,0.44,15905.00003658235
1967,ERRO,59.400,0.44,15912.39997651428
1968,ERRO,81.200,0.44,15874.499978963286
1969,ERRO,65.300,0.44,15887.40001898259
1970,ERRO,58.900,0.44,15941.099962219596
1971,ERRO,68.500,0.44,15892.099996563047
1972,ERRO,67.400,0.44,15885.90000756085
1973,ERRO,56.800,0.44,15926.900028716773
1974,ERRO,65.400,0.44,15850.799973122776
1975,ERRO,154.000,0.44,15759.199974127114
1976,ERRO,58.300,0.44,15906.099986750633
1977,ERRO,54.000,0.44,15984.900004696101
1978,ERRO,65.600,0.44,15851.200034376234
1979,ERRO,75.400,0.44,15875.60004554689
1980,ERRO,74.200,0.44,15916.300006210804
1981,ERRO,65.700,0.44,15822.599991224706
1982,ERRO,54.400,0.44,15914.299990981817
1983,ERRO,135.600,0.44,15729.899983853102
1984,ERRO,97.900,0.44,15873.90003260225
1985,ERRO,51.000,0.44,15891.69999351725
1986,ERRO,101.000,0.44,15852.499986067414
1987,ERRO,51.000,0.44,15922.600054182112
1988,ERRO,45.000,0.44,15936.899988446385
1989,ERRO,49.600,0.44,15810.299955774099
1990,ERRO,49.900,0.44,16033.400024753064
1991,ERRO,134.500,0.44,15788.699965924025
1992,ERRO,64.900,0.44,15823.900001123548
1993,ERRO,81.100,0.44,15870.500006712973
1994,ERRO,68.400,0.44,15964.899968821555
1995,ERRO,70.300,0.44,15879.700018558651
1996,ERRO,69.200,0.44,15912.799979560077
1997,ERRO,69.800,0.44,15811.500023119152
1998,ERRO,107.000,0.44,15834.099962376058
1999,ERRO,80.500,0.44,15860.899991821498
2000,ERRO,83.400,0.44,15881.599974818528
2001,ERRO,100.500,0.44,15754.099993500859
2002,ERRO,93.800,0.44,15896.10002702102
2003,ERRO,99.800,0.44,15798.900043591857
2004,ERRO,128.400,0.44,15851.499978452921
2005,ERRO,133.000,0.44,15790.700039360672
2006,ERRO,121.400,0.44,15814.399986993521
2007,ERRO,115.600,0.44,15850.500029046088
2008,ERRO,98.100,0.44,15799.79999223724
2009,ERRO,87.900,0.44,15887.100016698241
2010,ERRO,73.900,0.44,15879.90002008155
2011,ERRO,74.500,0.44,15884.19999461621
2012,ERRO,70.300,0.44,15879.79996111244
2013,ERRO,99.000,0.44,15882.099978625774
2014,ERRO,100.400,0.44,15799.599990714341
2015,ERRO,77.200,0.44,15873.000025749207
2016,ERRO,72.600,0.44,15906.39998903498
2017,ERRO,117.200,0.44,15817.59995315224
2018,ERRO,87.900,0.44,15867.599984630942
2019,ERRO,118.600,0.44,15850.000025238842
2020,ERRO,112.200,0.44,15837.400045711547
2021,ERRO,98.000,0.44,15802.899957634509
2022,ERRO,73.000,0.44,15936.399984639138
2023,ERRO,92.100,0.44,15836.600039619952
2024,ERRO,102.900,0.44,15853.100048843771
2025,ERRO,103.500,0.44,15801.30000365898
2026,ERRO,98.500,0.44,15910.9000233002
2027,ERRO,163.500,0.44,15811.299963388592
2028,ERRO,93.800,0.44,15733.700012788177
2029,ERRO,91.200,0.44,15858.900034800172
2030,ERRO,60.200,0.44,15885.500004515052
2031,ERRO,35.500,0.44,15965.399972628802
2032,ERRO,47.300,0.44,15914.900053758174
2033,ERRO,46.200,0.44,16033.800027798861
2034,ERRO,64.500,0.44,15940.999961458147
2035,ERRO,53.800,0.44,15903.099963907152
2036,ERRO,51.800,0.44,15926.399966701865
2037,ERRO,173.400,0.44,15655.499999411404
2038,ERRO,59.300,0.44,15893.20000493899
2039,ERRO,59.300,0.44,15904.699976090342
2040,ERRO,57.000,0.44,15899.299993179739
2041,ERRO,55.400,0.44,15966.399980243295
2042,ERRO,72.500,0.44,15929.700050037354
2043,ERRO,59.200,0.44,15845.099987927824
2044,ERRO,76.600,0.44,15888.899972196668
2045,ERRO,107.900,0.44,15827.600029297173
2046,ERRO,61.500,0.44,16020.49998473376
2047,ERRO,68.100,0.44,15861.699997913092
2048,ERRO,61.000,0.44,15880.199964158237
2049,ERRO,73.200,0.44,15890.599985141307
2050,ERRO,116.000,0.44,15650.1000165008
2051,ERRO,70.400,0.44,15892.399998847395
2052,ERRO,67.200,0.44,15924.399951472878
2053,ERRO,71.600,0.44,15852.600045036525
2054,ERRO,68.700,0.44,15865.399967879057
2055,ERRO,77.600,0.44,16097.199986688793
2056,ERRO,59.300,0.44,16022.800002247095
2057,ERRO,56.900,0.44,15873.79997363314
2058,ERRO,62.100,0.44,15685.599995777011
2059,ERRO,65.700,0.44,15867.799986153841
2060,ERRO,66.700,0.44,15856.000012718141
2061,ERRO,45.100,0.44,16241.099976468831
2062,ERRO,56.900,0.44,15592.49998535961
2063,ERRO,53.700,0.44,15932.599955704063
2064,ERRO,49.200,0.44,15961.900004185736
2065,ERRO,66.700,0.44,16170.599963515997
2066,ERRO,65.100,0.44,15744.99998241663
2067,ERRO,56.000,0.44,16048.499965108931
2068,ERRO,72.800,0.44,15593.599993735552
2069,ERRO,65.500,0.44,16305.500001180917
2070,ERRO,59.700,0.44,15960.100048687309
2071,ERRO,74.700,0.44,15787.99996059388
2072,ERRO,122.300,0.44,15810.800017789006
2073,ERRO,95.000,0.44,15954.800008330494
2074,ERRO,165.000,0.44,15457.49994693324
2075,ERRO,140.400,0.44,15672.50001244247
2076,ERRO,155.400,0.44,15762.200055178255
2077,ERRO,98.700,0.44,15905.400039628148
2078,ERRO,144.300,0.44,15653.699985705316
2079,ERRO,60.400,0.44,15826.400020159781
2080,ERRO,49.400,0.44,15962.000004947186
2081,ERRO,57.400,0.44,15907.099994365126
2082,ERRO,53.200,0.44,15952.799993101507
2083,ERRO,55.500,0.44,15827.499970328063
2084,ERRO,57.400,0.44,15895.99996805191
2085,ERRO,54.400,0.44,15961.800003424287
2086,ERRO,54.800,0.44,15953.800000716
2087,ERRO,53.900,0.44,15860.999992582947
2088,ERRO,52.100,0.44,16000.300005543977
2089,ERRO,57.000,0.44,15918.899967800826
2090,ERRO,65.800,0.44,15901.200007647276
2091,ERRO,60.900,0.44,15826.100017875433
2092,ERRO,66.700,0.44,15939.400007482618
2093,ERRO,78.000,0.44,15948.200016282499
2094,ERRO,85.400,0.44,15737.6000424847
2095,ERRO,59.700,0.44,15927.899978123605
2096,ERRO,59.800,0.44,15973.20003202185
2097,ERRO,50.900,0.44,15935.599978547543
2098,ERRO,58.000,0.44,15934.000024572015
2099,ERRO,76.000,0.44,15802.600013557822
2100,ERRO,61.400,0.44,15985.100006219
2101,ERRO,70.900,0.44,15757.299959659576
2102,ERRO,81.700,0.44,15935.000032186508
2103,ERRO,69.800,0.44,15798.099979292601
2104,ERRO,70.700,0.44,15924.40000968054
2105,ERRO,63.400,0.44,15891.499991994351
2106,ERRO,64.400,0.44,15946.100000292063
2107,ERRO,76.000,0.44,15845.199988689274
2108,ERRO,64.600,0.44,15955.699956975877
2109,ERRO,69.000,0.44,15901.800012215972
2110,ERRO,68.500,0.44,15888.099966105074
2111,ERRO,65.800,0.44,15866.599977016449
2112,ERRO,68.600,0.44,15883.200045209378
2113,ERRO,67.000,0.44,15909.700014162809
2114,ERRO,69.900,0.44,15919.999976176769
2115,ERRO,66.000,0.44,15841.30001720041
2116,ERRO,101.400,0.44,15799.499989952892
2117,ERRO,108.700,0.44,15836.89998369664
2118,ERRO,106.700,0.44,15860.099985729903
2119,ERRO,81.100,0.44,15863.300010096282
2120,ERRO,64.000,0.44,15916.100004687905
2121,ERRO,76.600,0.44,15903.50002516061
2122,ERRO,65.200,0.44,15853.299992159009
2123,ERRO,86.600,0.44,15911.800030153245
2124,ERRO,68.900,0.44,15893.400006461889
2125,ERRO,66.700,0.44,15827.900031581521
2126,ERRO,66.300,0.44,15907.90000045672
2127,ERRO,60.400,0.44,15940.000012051314
2128,ERRO,77.400,0.44,15927.399974316359
2129,ERRO,65.600,0.44,15894.200012553483
2130,ERRO,66.000,0.44,15887.799963820726
2131,ERRO,65.800,0.44,16047.100012656301
2132,ERRO,119.100,0.44,15546.300041023642
2133,ERRO,59.600,0.44,15915.599942672998
2134,ERRO,53.200,0.44,15902.499959338456
2135,ERRO,50.700,0.44,15902.999963145703
2136,ERRO,50.400,0.44,15934.799972455949
2137,ERRO,57.900,0.44,15899.19999241829
2138,ERRO,81.200,0.44,15937.899996060878
2139,ERRO,59.700,0.44,15948.700020089746
2140,ERRO,90.900,0.44,15782.799979206175
2141,ERRO,109.800,0.44,15892.800001893193
2142,ERRO,96.500,0.44,15766.599972266704
2143,ERRO,121.200,0.44,15893.600007984787
2144,ERRO,84.200,0.44,15868.899994529784
2145,ERRO,84.200,0.44,15852.800046559423
2146,ERRO,61.500,0.44,15828.299976419657
2147,ERRO,63.500,0.44,15961.700002662838
2148,ERRO,69.900,0.44,15945.09999267757
2149,ERRO,96.900,0.44,15845.79999325797
2150,ERRO,54.800,0.44,15797.300031408668
2151,ERRO,66.700,0.44,15979.500021785498
2152,ERRO,87.000,0.44,15895.800024736673
2153,ERRO,122.500,0.44,15832.600009161979
2154,ERRO,96.400,0.44,15761.29999011755
2155,ERRO,59.600,0.44,15933.19996027276
2156,ERRO,56.500,0.44,15952.199988532811
2157,ERRO,55.600,0.44,15838.29999435693
2158,ERRO,66.200,0.44,15929.000044707209
2159,ERRO,73.100,0.44,15873.79997363314
2160,ERRO,90.700,0.44,15923.700004350394
2161,ERRO,65.300,0.44,15885.69994783029
2162,ERRO,90.400,0.44,15837.199985980988
2163,ERRO,93.900,0.44,15864.500019233674
2164,ERRO,70.200,0.44,15893.600007984787
2165,ERRO,63.700,0.44,15852.899989113212
2166,ERRO,68.400,0.44,15935.799980070442
2167,ERRO,70.100,0.44,15946.800005622208
2168,ERRO,74.800,0.44,15897.5999802351
2169,ERRO,58.900,0.44,15870.999952312559
2170,ERRO,90.400,0.44,15786.200005095452
2171,ERRO,96.000,0.44,15920.899983029813
2172,ERRO,71.000,0.44,15830.400050617754
2173,ERRO,80.500,0.44,15846.900001633912
2174,ERRO,55.600,0.44,15945.899998769164
2175,ERRO,56.100,0.44,15909.800014924258
2176,ERRO,56.500,0.44,15917.00001154095
2177,ERRO,61.700,0.44,15887.500019744039
